"association","From Connection","To Connection","From Object","To Object"
"","sakila_vdb.mysql_sakila","denodo_vdp","sakila/address/address_id","sakila_vdb/address/address_id"
"","sakila_vdb.mysql_sakila","denodo_vdp","sakila/address/address","sakila_vdb/address/address"
"","sakila_vdb.mysql_sakila","denodo_vdp","sakila/address/address2","sakila_vdb/address/address2"
"","sakila_vdb.mysql_sakila","denodo_vdp","sakila/address/district","sakila_vdb/address/district"
"","sakila_vdb.mysql_sakila","denodo_vdp","sakila/address/city_id","sakila_vdb/address/city_id"
"","sakila_vdb.mysql_sakila","denodo_vdp","sakila/address/postal_code","sakila_vdb/address/postal_code"
"","sakila_vdb.mysql_sakila","denodo_vdp","sakila/address/phone","sakila_vdb/address/phone"
"","sakila_vdb.mysql_sakila","denodo_vdp","sakila/address/location","sakila_vdb/address/location"
"","sakila_vdb.mysql_sakila","denodo_vdp","sakila/address/last_update","sakila_vdb/address/last_update"
"","sakila_vdb.mysql_sakila","denodo_vdp","sakila/city/city_id","sakila_vdb/city/city_id"
"","sakila_vdb.mysql_sakila","denodo_vdp","sakila/city/city","sakila_vdb/city/city"
"","sakila_vdb.mysql_sakila","denodo_vdp","sakila/city/country_id","sakila_vdb/city/country_id"
"","sakila_vdb.mysql_sakila","denodo_vdp","sakila/city/last_update","sakila_vdb/city/last_update"
"","sakila_vdb.mysql_sakila","denodo_vdp","sakila/country/country_id","sakila_vdb/country/country_id"
"","sakila_vdb.mysql_sakila","denodo_vdp","sakila/country/country","sakila_vdb/country/country"
"","sakila_vdb.mysql_sakila","denodo_vdp","sakila/country/last_update","sakila_vdb/country/last_update"
"","sakila_vdb.mysql_sakila","denodo_vdp","sakila/customer/customer_id","sakila_vdb/sakila_customer/customer_id"
"","sakila_vdb.mysql_sakila","denodo_vdp","sakila/customer/store_id","sakila_vdb/sakila_customer/store_id"
"","sakila_vdb.mysql_sakila","denodo_vdp","sakila/customer/first_name","sakila_vdb/sakila_customer/first_name"
"","sakila_vdb.mysql_sakila","denodo_vdp","sakila/customer/last_name","sakila_vdb/sakila_customer/last_name"
"","sakila_vdb.mysql_sakila","denodo_vdp","sakila/customer/email","sakila_vdb/sakila_customer/email"
"","sakila_vdb.mysql_sakila","denodo_vdp","sakila/customer/address_id","sakila_vdb/sakila_customer/address_id"
"","sakila_vdb.mysql_sakila","denodo_vdp","sakila/customer/active","sakila_vdb/sakila_customer/active"
"","sakila_vdb.mysql_sakila","denodo_vdp","sakila/customer/create_date","sakila_vdb/sakila_customer/create_date"
"","sakila_vdb.mysql_sakila","denodo_vdp","sakila/customer/last_update","sakila_vdb/sakila_customer/last_update"
"","ds_azure_sql_dw_strategicdev","denodo_vdp","dbo/t_d_xle_location/loc_key","policy_asset/bv_sz_dw_xle_t_d_xle_location/loc_key"
"","ds_azure_sql_dw_strategicdev","denodo_vdp","dbo/t_d_xle_location/loc_id","policy_asset/bv_sz_dw_xle_t_d_xle_location/loc_id"
"","ds_azure_sql_dw_strategicdev","denodo_vdp","dbo/t_d_xle_location/loc_hashnk","policy_asset/bv_sz_dw_xle_t_d_xle_location/loc_hashnk"
"","ds_azure_sql_dw_strategicdev","denodo_vdp","dbo/t_d_xle_location/loc_hashfull","policy_asset/bv_sz_dw_xle_t_d_xle_location/loc_hashfull"
"","ds_azure_sql_dw_strategicdev","denodo_vdp","dbo/t_d_xle_location/loc_state_or_province_cd","policy_asset/bv_sz_dw_xle_t_d_xle_location/loc_state_or_province_cd"
"","ds_azure_sql_dw_strategicdev","denodo_vdp","dbo/t_d_xle_location/loc_state_or_province_nme","policy_asset/bv_sz_dw_xle_t_d_xle_location/loc_state_or_province_nme"
"","ds_azure_sql_dw_strategicdev","denodo_vdp","dbo/t_d_xle_location/loc_sub_div_type_cd","policy_asset/bv_sz_dw_xle_t_d_xle_location/loc_sub_div_type_cd"
"","ds_azure_sql_dw_strategicdev","denodo_vdp","dbo/t_d_xle_location/loc_sub_div_type_nme","policy_asset/bv_sz_dw_xle_t_d_xle_location/loc_sub_div_type_nme"
"","ds_azure_sql_dw_strategicdev","denodo_vdp","dbo/t_d_xle_location/loc_ctry_cd","policy_asset/bv_sz_dw_xle_t_d_xle_location/loc_ctry_cd"
"","ds_azure_sql_dw_strategicdev","denodo_vdp","dbo/t_d_xle_location/loc_ctry_nme","policy_asset/bv_sz_dw_xle_t_d_xle_location/loc_ctry_nme"
"","ds_azure_sql_dw_strategicdev","denodo_vdp","dbo/t_d_xle_location/loc_eea_member_state_ind","policy_asset/bv_sz_dw_xle_t_d_xle_location/loc_eea_member_state_ind"
"","ds_azure_sql_dw_strategicdev","denodo_vdp","dbo/t_d_xle_location/loc_eea_member_state_descr","policy_asset/bv_sz_dw_xle_t_d_xle_location/loc_eea_member_state_descr"
"","ds_azure_sql_dw_strategicdev","denodo_vdp","dbo/t_d_xle_location/loc_s2_region_cd","policy_asset/bv_sz_dw_xle_t_d_xle_location/loc_s2_region_cd"
"","ds_azure_sql_dw_strategicdev","denodo_vdp","dbo/t_d_xle_location/loc_s2_region_nme","policy_asset/bv_sz_dw_xle_t_d_xle_location/loc_s2_region_nme"
"","ds_azure_sql_dw_strategicdev","denodo_vdp","dbo/t_d_xle_location/dw_row_active_ind","policy_asset/bv_sz_dw_xle_t_d_xle_location/dw_row_active_ind"
"","ds_azure_sql_dw_strategicdev","denodo_vdp","dbo/t_d_xle_location/dw_row_start_dt","policy_asset/bv_sz_dw_xle_t_d_xle_location/dw_row_start_dt"
"","ds_azure_sql_dw_strategicdev","denodo_vdp","dbo/t_d_xle_location/dw_row_end_dt","policy_asset/bv_sz_dw_xle_t_d_xle_location/dw_row_end_dt"
"","ds_azure_sql_dw_strategicdev","denodo_vdp","dbo/t_d_xle_location/dw_batch_id","policy_asset/bv_sz_dw_xle_t_d_xle_location/dw_batch_id"
"","ds_azure_sql_dw_strategicdev","denodo_vdp","dbo/t_d_xle_location/dw_create_dt","policy_asset/bv_sz_dw_xle_t_d_xle_location/dw_create_dt"
"","ds_azure_sql_dw_strategicdev","denodo_vdp","dbo/t_d_xle_location/dw_last_update_dt","policy_asset/bv_sz_dw_xle_t_d_xle_location/dw_last_update_dt"
"","ds_azure_sql_dw_strategicdev","denodo_vdp","dbo/t_d_xle_location/loc_city_cd","policy_asset/bv_sz_dw_xle_t_d_xle_location/loc_city_cd"
"","ds_azure_sql_dw_strategicdev","denodo_vdp","dbo/t_d_xle_location/loc_city_nme","policy_asset/bv_sz_dw_xle_t_d_xle_location/loc_city_nme"
"","ds_azure_sql_dw_strategicdev","denodo_vdp","dbo/t_d_xle_location/loc_cnty_cd","policy_asset/bv_sz_dw_xle_t_d_xle_location/loc_cnty_cd"
"","ds_azure_sql_dw_strategicdev","denodo_vdp","dbo/t_d_xle_location/loc_cnty_nme","policy_asset/bv_sz_dw_xle_t_d_xle_location/loc_cnty_nme"
"","ds_azure_sql_dw_strategicdev","denodo_vdp","dbo/t_d_xle_org_industry/org_ind_key","policy_asset/bv_sz_dw_xle_t_d_xle_org_industry/org_ind_key"
"","ds_azure_sql_dw_strategicdev","denodo_vdp","dbo/t_d_xle_org_industry/org_ind_id","policy_asset/bv_sz_dw_xle_t_d_xle_org_industry/org_ind_id"
"","ds_azure_sql_dw_strategicdev","denodo_vdp","dbo/t_d_xle_org_industry/org_ind_hashnk","policy_asset/bv_sz_dw_xle_t_d_xle_org_industry/org_ind_hashnk"
"","ds_azure_sql_dw_strategicdev","denodo_vdp","dbo/t_d_xle_org_industry/org_ind_hashfull","policy_asset/bv_sz_dw_xle_t_d_xle_org_industry/org_ind_hashfull"
"","ds_azure_sql_dw_strategicdev","denodo_vdp","dbo/t_d_xle_org_industry/org_ind_textnk","policy_asset/bv_sz_dw_xle_t_d_xle_org_industry/org_ind_textnk"
"","ds_azure_sql_dw_strategicdev","denodo_vdp","dbo/t_d_xle_org_industry/industry_cd","policy_asset/bv_sz_dw_xle_t_d_xle_org_industry/industry_cd"
"","ds_azure_sql_dw_strategicdev","denodo_vdp","dbo/t_d_xle_org_industry/industry_descr","policy_asset/bv_sz_dw_xle_t_d_xle_org_industry/industry_descr"
"","ds_azure_sql_dw_strategicdev","denodo_vdp","dbo/t_d_xle_org_industry/industry_grp_cd","policy_asset/bv_sz_dw_xle_t_d_xle_org_industry/industry_grp_cd"
"","ds_azure_sql_dw_strategicdev","denodo_vdp","dbo/t_d_xle_org_industry/industry_grp_descr","policy_asset/bv_sz_dw_xle_t_d_xle_org_industry/industry_grp_descr"
"","ds_azure_sql_dw_strategicdev","denodo_vdp","dbo/t_d_xle_org_industry/industry_grp_parent_cd","policy_asset/bv_sz_dw_xle_t_d_xle_org_industry/industry_grp_parent_cd"
"","ds_azure_sql_dw_strategicdev","denodo_vdp","dbo/t_d_xle_org_industry/industry_grp_parent_descr","policy_asset/bv_sz_dw_xle_t_d_xle_org_industry/industry_grp_parent_descr"
"","ds_azure_sql_dw_strategicdev","denodo_vdp","dbo/t_d_xle_org_industry/industry_sector_cd","policy_asset/bv_sz_dw_xle_t_d_xle_org_industry/industry_sector_cd"
"","ds_azure_sql_dw_strategicdev","denodo_vdp","dbo/t_d_xle_org_industry/industry_sector_descr","policy_asset/bv_sz_dw_xle_t_d_xle_org_industry/industry_sector_descr"
"","ds_azure_sql_dw_strategicdev","denodo_vdp","dbo/t_d_xle_org_industry/industry_sector_grp_cd","policy_asset/bv_sz_dw_xle_t_d_xle_org_industry/industry_sector_grp_cd"
"","ds_azure_sql_dw_strategicdev","denodo_vdp","dbo/t_d_xle_org_industry/industry_sector_grp_descr","policy_asset/bv_sz_dw_xle_t_d_xle_org_industry/industry_sector_grp_descr"
"","ds_azure_sql_dw_strategicdev","denodo_vdp","dbo/t_d_xle_org_industry/industry_grp_parent_sales_descr","policy_asset/bv_sz_dw_xle_t_d_xle_org_industry/industry_grp_parent_sales_descr"
"","ds_azure_sql_dw_strategicdev","denodo_vdp","dbo/t_d_xle_org_industry/dw_row_start_dt","policy_asset/bv_sz_dw_xle_t_d_xle_org_industry/dw_row_start_dt"
"","ds_azure_sql_dw_strategicdev","denodo_vdp","dbo/t_d_xle_org_industry/dw_row_end_dt","policy_asset/bv_sz_dw_xle_t_d_xle_org_industry/dw_row_end_dt"
"","ds_azure_sql_dw_strategicdev","denodo_vdp","dbo/t_d_xle_org_industry/dw_batch_id","policy_asset/bv_sz_dw_xle_t_d_xle_org_industry/dw_batch_id"
"","ds_azure_sql_dw_strategicdev","denodo_vdp","dbo/t_d_xle_org_industry/dw_create_dt","policy_asset/bv_sz_dw_xle_t_d_xle_org_industry/dw_create_dt"
"","ds_azure_sql_dw_strategicdev","denodo_vdp","dbo/t_d_xle_org_industry/dw_last_update_dt","policy_asset/bv_sz_dw_xle_t_d_xle_org_industry/dw_last_update_dt"
"","ds_azure_sql_dw_strategicdev","denodo_vdp","dbo/t_d_xle_org_industry/dw_row_active_ind","policy_asset/bv_sz_dw_xle_t_d_xle_org_industry/dw_row_active_ind"
"","ds_azure_sql_dw_strategicdev","denodo_vdp","dbo/t_d_xle_org_line_of_business/org_lob_key","policy_asset/bv_sz_dw_xle_t_d_xle_org_line_of_business/org_lob_key"
"","ds_azure_sql_dw_strategicdev","denodo_vdp","dbo/t_d_xle_org_line_of_business/org_lob_id","policy_asset/bv_sz_dw_xle_t_d_xle_org_line_of_business/org_lob_id"
"","ds_azure_sql_dw_strategicdev","denodo_vdp","dbo/t_d_xle_org_line_of_business/org_lob_hashnk","policy_asset/bv_sz_dw_xle_t_d_xle_org_line_of_business/org_lob_hashnk"
"","ds_azure_sql_dw_strategicdev","denodo_vdp","dbo/t_d_xle_org_line_of_business/org_lob_hashfull","policy_asset/bv_sz_dw_xle_t_d_xle_org_line_of_business/org_lob_hashfull"
"","ds_azure_sql_dw_strategicdev","denodo_vdp","dbo/t_d_xle_org_line_of_business/sub_lob_cd","policy_asset/bv_sz_dw_xle_t_d_xle_org_line_of_business/sub_lob_cd"
"","ds_azure_sql_dw_strategicdev","denodo_vdp","dbo/t_d_xle_org_line_of_business/sub_lob_nme","policy_asset/bv_sz_dw_xle_t_d_xle_org_line_of_business/sub_lob_nme"
"","ds_azure_sql_dw_strategicdev","denodo_vdp","dbo/t_d_xle_org_line_of_business/lob_cd","policy_asset/bv_sz_dw_xle_t_d_xle_org_line_of_business/lob_cd"
"","ds_azure_sql_dw_strategicdev","denodo_vdp","dbo/t_d_xle_org_line_of_business/lob_nme","policy_asset/bv_sz_dw_xle_t_d_xle_org_line_of_business/lob_nme"
"","ds_azure_sql_dw_strategicdev","denodo_vdp","dbo/t_d_xle_org_line_of_business/lob_grp_cd","policy_asset/bv_sz_dw_xle_t_d_xle_org_line_of_business/lob_grp_cd"
"","ds_azure_sql_dw_strategicdev","denodo_vdp","dbo/t_d_xle_org_line_of_business/lob_grp_nme","policy_asset/bv_sz_dw_xle_t_d_xle_org_line_of_business/lob_grp_nme"
"","ds_azure_sql_dw_strategicdev","denodo_vdp","dbo/t_d_xle_org_line_of_business/dw_row_active_ind","policy_asset/bv_sz_dw_xle_t_d_xle_org_line_of_business/dw_row_active_ind"
"","ds_azure_sql_dw_strategicdev","denodo_vdp","dbo/t_d_xle_org_line_of_business/dw_row_start_dt","policy_asset/bv_sz_dw_xle_t_d_xle_org_line_of_business/dw_row_start_dt"
"","ds_azure_sql_dw_strategicdev","denodo_vdp","dbo/t_d_xle_org_line_of_business/dw_row_end_dt","policy_asset/bv_sz_dw_xle_t_d_xle_org_line_of_business/dw_row_end_dt"
"","ds_azure_sql_dw_strategicdev","denodo_vdp","dbo/t_d_xle_org_line_of_business/dw_batch_id","policy_asset/bv_sz_dw_xle_t_d_xle_org_line_of_business/dw_batch_id"
"","ds_azure_sql_dw_strategicdev","denodo_vdp","dbo/t_d_xle_org_line_of_business/dw_create_dt","policy_asset/bv_sz_dw_xle_t_d_xle_org_line_of_business/dw_create_dt"
"","ds_azure_sql_dw_strategicdev","denodo_vdp","dbo/t_d_xle_org_line_of_business/dw_last_update_dt","policy_asset/bv_sz_dw_xle_t_d_xle_org_line_of_business/dw_last_update_dt"
"","ds_azure_sql_dw_strategicdev","denodo_vdp","dbo/t_d_xle_org_producing_office_region/org_por_key","policy_asset/bv_sz_dw_xle_t_d_xle_org_producing_office_region/org_por_key"
"","ds_azure_sql_dw_strategicdev","denodo_vdp","dbo/t_d_xle_org_producing_office_region/org_por_id","policy_asset/bv_sz_dw_xle_t_d_xle_org_producing_office_region/org_por_id"
"","ds_azure_sql_dw_strategicdev","denodo_vdp","dbo/t_d_xle_org_producing_office_region/org_por_hashnk","policy_asset/bv_sz_dw_xle_t_d_xle_org_producing_office_region/org_por_hashnk"
"","ds_azure_sql_dw_strategicdev","denodo_vdp","dbo/t_d_xle_org_producing_office_region/org_por_hashfull","policy_asset/bv_sz_dw_xle_t_d_xle_org_producing_office_region/org_por_hashfull"
"","ds_azure_sql_dw_strategicdev","denodo_vdp","dbo/t_d_xle_org_producing_office_region/prod_office_cd","policy_asset/bv_sz_dw_xle_t_d_xle_org_producing_office_region/prod_office_cd"
"","ds_azure_sql_dw_strategicdev","denodo_vdp","dbo/t_d_xle_org_producing_office_region/prod_office_decsr","policy_asset/bv_sz_dw_xle_t_d_xle_org_producing_office_region/prod_office_decsr"
"","ds_azure_sql_dw_strategicdev","denodo_vdp","dbo/t_d_xle_org_producing_office_region/prod_ctry_cd","policy_asset/bv_sz_dw_xle_t_d_xle_org_producing_office_region/prod_ctry_cd"
"","ds_azure_sql_dw_strategicdev","denodo_vdp","dbo/t_d_xle_org_producing_office_region/prod_ctry_decsr","policy_asset/bv_sz_dw_xle_t_d_xle_org_producing_office_region/prod_ctry_decsr"
"","ds_azure_sql_dw_strategicdev","denodo_vdp","dbo/t_d_xle_org_producing_office_region/sub_region_cd","policy_asset/bv_sz_dw_xle_t_d_xle_org_producing_office_region/sub_region_cd"
"","ds_azure_sql_dw_strategicdev","denodo_vdp","dbo/t_d_xle_org_producing_office_region/sub_region_descr","policy_asset/bv_sz_dw_xle_t_d_xle_org_producing_office_region/sub_region_descr"
"","ds_azure_sql_dw_strategicdev","denodo_vdp","dbo/t_d_xle_org_producing_office_region/sub_region_chartf_cd","policy_asset/bv_sz_dw_xle_t_d_xle_org_producing_office_region/sub_region_chartf_cd"
"","ds_azure_sql_dw_strategicdev","denodo_vdp","dbo/t_d_xle_org_producing_office_region/region_cd","policy_asset/bv_sz_dw_xle_t_d_xle_org_producing_office_region/region_cd"
"","ds_azure_sql_dw_strategicdev","denodo_vdp","dbo/t_d_xle_org_producing_office_region/region_descr","policy_asset/bv_sz_dw_xle_t_d_xle_org_producing_office_region/region_descr"
"","ds_azure_sql_dw_strategicdev","denodo_vdp","dbo/t_d_xle_org_producing_office_region/segment_cd","policy_asset/bv_sz_dw_xle_t_d_xle_org_producing_office_region/segment_cd"
"","ds_azure_sql_dw_strategicdev","denodo_vdp","dbo/t_d_xle_org_producing_office_region/segment_descr","policy_asset/bv_sz_dw_xle_t_d_xle_org_producing_office_region/segment_descr"
"","ds_azure_sql_dw_strategicdev","denodo_vdp","dbo/t_d_xle_org_producing_office_region/dw_row_active_ind","policy_asset/bv_sz_dw_xle_t_d_xle_org_producing_office_region/dw_row_active_ind"
"","ds_azure_sql_dw_strategicdev","denodo_vdp","dbo/t_d_xle_org_producing_office_region/dw_row_start_dt","policy_asset/bv_sz_dw_xle_t_d_xle_org_producing_office_region/dw_row_start_dt"
"","ds_azure_sql_dw_strategicdev","denodo_vdp","dbo/t_d_xle_org_producing_office_region/dw_row_end_dt","policy_asset/bv_sz_dw_xle_t_d_xle_org_producing_office_region/dw_row_end_dt"
"","ds_azure_sql_dw_strategicdev","denodo_vdp","dbo/t_d_xle_org_producing_office_region/dw_batch_id","policy_asset/bv_sz_dw_xle_t_d_xle_org_producing_office_region/dw_batch_id"
"","ds_azure_sql_dw_strategicdev","denodo_vdp","dbo/t_d_xle_org_producing_office_region/dw_create_dt","policy_asset/bv_sz_dw_xle_t_d_xle_org_producing_office_region/dw_create_dt"
"","ds_azure_sql_dw_strategicdev","denodo_vdp","dbo/t_d_xle_org_producing_office_region/dw_last_update_dt","policy_asset/bv_sz_dw_xle_t_d_xle_org_producing_office_region/dw_last_update_dt"
"","ds_azure_sql_dw_strategicdev","denodo_vdp","dbo/t_d_xle_org_underwriting/org_uw_key","policy_asset/bv_sz_dw_xle_t_d_xle_org_underwriting/org_uw_key"
"","ds_azure_sql_dw_strategicdev","denodo_vdp","dbo/t_d_xle_org_underwriting/org_uw_id","policy_asset/bv_sz_dw_xle_t_d_xle_org_underwriting/org_uw_id"
"","ds_azure_sql_dw_strategicdev","denodo_vdp","dbo/t_d_xle_org_underwriting/org_uw_hashnk","policy_asset/bv_sz_dw_xle_t_d_xle_org_underwriting/org_uw_hashnk"
"","ds_azure_sql_dw_strategicdev","denodo_vdp","dbo/t_d_xle_org_underwriting/org_uw_hashfull","policy_asset/bv_sz_dw_xle_t_d_xle_org_underwriting/org_uw_hashfull"
"","ds_azure_sql_dw_strategicdev","denodo_vdp","dbo/t_d_xle_org_underwriting/uw_plan_ln_bus_cd","policy_asset/bv_sz_dw_xle_t_d_xle_org_underwriting/uw_plan_ln_bus_cd"
"","ds_azure_sql_dw_strategicdev","denodo_vdp","dbo/t_d_xle_org_underwriting/uw_plan_ln_bus_nme","policy_asset/bv_sz_dw_xle_t_d_xle_org_underwriting/uw_plan_ln_bus_nme"
"","ds_azure_sql_dw_strategicdev","denodo_vdp","dbo/t_d_xle_org_underwriting/uw_oper_bus_unit_cd","policy_asset/bv_sz_dw_xle_t_d_xle_org_underwriting/uw_oper_bus_unit_cd"
"","ds_azure_sql_dw_strategicdev","denodo_vdp","dbo/t_d_xle_org_underwriting/uw_oper_bus_unit_nme","policy_asset/bv_sz_dw_xle_t_d_xle_org_underwriting/uw_oper_bus_unit_nme"
"","ds_azure_sql_dw_strategicdev","denodo_vdp","dbo/t_d_xle_org_underwriting/uw_unit_cd","policy_asset/bv_sz_dw_xle_t_d_xle_org_underwriting/uw_unit_cd"
"","ds_azure_sql_dw_strategicdev","denodo_vdp","dbo/t_d_xle_org_underwriting/uw_unit_nme","policy_asset/bv_sz_dw_xle_t_d_xle_org_underwriting/uw_unit_nme"
"","ds_azure_sql_dw_strategicdev","denodo_vdp","dbo/t_d_xle_org_underwriting/uw_grp_cd","policy_asset/bv_sz_dw_xle_t_d_xle_org_underwriting/uw_grp_cd"
"","ds_azure_sql_dw_strategicdev","denodo_vdp","dbo/t_d_xle_org_underwriting/uw_grp_nme","policy_asset/bv_sz_dw_xle_t_d_xle_org_underwriting/uw_grp_nme"
"","ds_azure_sql_dw_strategicdev","denodo_vdp","dbo/t_d_xle_org_underwriting/uw_div_cd","policy_asset/bv_sz_dw_xle_t_d_xle_org_underwriting/uw_div_cd"
"","ds_azure_sql_dw_strategicdev","denodo_vdp","dbo/t_d_xle_org_underwriting/uw_div_nme","policy_asset/bv_sz_dw_xle_t_d_xle_org_underwriting/uw_div_nme"
"","ds_azure_sql_dw_strategicdev","denodo_vdp","dbo/t_d_xle_org_underwriting/uw_seg_cd","policy_asset/bv_sz_dw_xle_t_d_xle_org_underwriting/uw_seg_cd"
"","ds_azure_sql_dw_strategicdev","denodo_vdp","dbo/t_d_xle_org_underwriting/uw_seg_nme","policy_asset/bv_sz_dw_xle_t_d_xle_org_underwriting/uw_seg_nme"
"","ds_azure_sql_dw_strategicdev","denodo_vdp","dbo/t_d_xle_org_underwriting/uw_corp_grp_cd","policy_asset/bv_sz_dw_xle_t_d_xle_org_underwriting/uw_corp_grp_cd"
"","ds_azure_sql_dw_strategicdev","denodo_vdp","dbo/t_d_xle_org_underwriting/uw_corp_grp_nme","policy_asset/bv_sz_dw_xle_t_d_xle_org_underwriting/uw_corp_grp_nme"
"","ds_azure_sql_dw_strategicdev","denodo_vdp","dbo/t_d_xle_org_underwriting/uw_oper_bus_unit_sales_nme","policy_asset/bv_sz_dw_xle_t_d_xle_org_underwriting/uw_oper_bus_unit_sales_nme"
"","ds_azure_sql_dw_strategicdev","denodo_vdp","dbo/t_d_xle_org_underwriting/dw_row_active_ind","policy_asset/bv_sz_dw_xle_t_d_xle_org_underwriting/dw_row_active_ind"
"","ds_azure_sql_dw_strategicdev","denodo_vdp","dbo/t_d_xle_org_underwriting/dw_row_start_dt","policy_asset/bv_sz_dw_xle_t_d_xle_org_underwriting/dw_row_start_dt"
"","ds_azure_sql_dw_strategicdev","denodo_vdp","dbo/t_d_xle_org_underwriting/dw_row_end_dt","policy_asset/bv_sz_dw_xle_t_d_xle_org_underwriting/dw_row_end_dt"
"","ds_azure_sql_dw_strategicdev","denodo_vdp","dbo/t_d_xle_org_underwriting/dw_batch_id","policy_asset/bv_sz_dw_xle_t_d_xle_org_underwriting/dw_batch_id"
"","ds_azure_sql_dw_strategicdev","denodo_vdp","dbo/t_d_xle_org_underwriting/dw_create_dt","policy_asset/bv_sz_dw_xle_t_d_xle_org_underwriting/dw_create_dt"
"","ds_azure_sql_dw_strategicdev","denodo_vdp","dbo/t_d_xle_org_underwriting/dw_last_update_dt","policy_asset/bv_sz_dw_xle_t_d_xle_org_underwriting/dw_last_update_dt"
"","ds_azure_sql_dw_strategicdev","denodo_vdp","dbo/t_d_xle_party_broker/party_broker_key","policy_asset/bv_sz_dw_xle_t_d_xle_party_broker/party_broker_key"
"","ds_azure_sql_dw_strategicdev","denodo_vdp","dbo/t_d_xle_party_broker/party_broker_id","policy_asset/bv_sz_dw_xle_t_d_xle_party_broker/party_broker_id"
"","ds_azure_sql_dw_strategicdev","denodo_vdp","dbo/t_d_xle_party_broker/party_broker_textnk","policy_asset/bv_sz_dw_xle_t_d_xle_party_broker/party_broker_textnk"
"","ds_azure_sql_dw_strategicdev","denodo_vdp","dbo/t_d_xle_party_broker/party_broker_hashnk","policy_asset/bv_sz_dw_xle_t_d_xle_party_broker/party_broker_hashnk"
"","ds_azure_sql_dw_strategicdev","denodo_vdp","dbo/t_d_xle_party_broker/party_broker_hashfull","policy_asset/bv_sz_dw_xle_t_d_xle_party_broker/party_broker_hashfull"
"","ds_azure_sql_dw_strategicdev","denodo_vdp","dbo/t_d_xle_party_broker/broker_data_source_ind","policy_asset/bv_sz_dw_xle_t_d_xle_party_broker/broker_data_source_ind"
"","ds_azure_sql_dw_strategicdev","denodo_vdp","dbo/t_d_xle_party_broker/broker_static_nme","policy_asset/bv_sz_dw_xle_t_d_xle_party_broker/broker_static_nme"
"","ds_azure_sql_dw_strategicdev","denodo_vdp","dbo/t_d_xle_party_broker/broker_static_nme_cd","policy_asset/bv_sz_dw_xle_t_d_xle_party_broker/broker_static_nme_cd"
"","ds_azure_sql_dw_strategicdev","denodo_vdp","dbo/t_d_xle_party_broker/broker_nme","policy_asset/bv_sz_dw_xle_t_d_xle_party_broker/broker_nme"
"","ds_azure_sql_dw_strategicdev","denodo_vdp","dbo/t_d_xle_party_broker/broker_duns_nbr","policy_asset/bv_sz_dw_xle_t_d_xle_party_broker/broker_duns_nbr"
"","ds_azure_sql_dw_strategicdev","denodo_vdp","dbo/t_d_xle_party_broker/broker_pseudo_duns_nbr","policy_asset/bv_sz_dw_xle_t_d_xle_party_broker/broker_pseudo_duns_nbr"
"","ds_azure_sql_dw_strategicdev","denodo_vdp","dbo/t_d_xle_party_broker/l_broker_duns_nbr","policy_asset/bv_sz_dw_xle_t_d_xle_party_broker/l_broker_duns_nbr"
"","ds_azure_sql_dw_strategicdev","denodo_vdp","dbo/t_d_xle_party_broker/l_broker_pseudo_duns_nbr","policy_asset/bv_sz_dw_xle_t_d_xle_party_broker/l_broker_pseudo_duns_nbr"
"","ds_azure_sql_dw_strategicdev","denodo_vdp","dbo/t_d_xle_party_broker/broker_activity_code","policy_asset/bv_sz_dw_xle_t_d_xle_party_broker/broker_activity_code"
"","ds_azure_sql_dw_strategicdev","denodo_vdp","dbo/t_d_xle_party_broker/broker_ultimate_parent_duns_nbr","policy_asset/bv_sz_dw_xle_t_d_xle_party_broker/broker_ultimate_parent_duns_nbr"
"","ds_azure_sql_dw_strategicdev","denodo_vdp","dbo/t_d_xle_party_broker/broker_ultimate_parent_nme","policy_asset/bv_sz_dw_xle_t_d_xle_party_broker/broker_ultimate_parent_nme"
"","ds_azure_sql_dw_strategicdev","denodo_vdp","dbo/t_d_xle_party_broker/broker_grp_nme","policy_asset/bv_sz_dw_xle_t_d_xle_party_broker/broker_grp_nme"
"","ds_azure_sql_dw_strategicdev","denodo_vdp","dbo/t_d_xle_party_broker/dw_row_start_dt","policy_asset/bv_sz_dw_xle_t_d_xle_party_broker/dw_row_start_dt"
"","ds_azure_sql_dw_strategicdev","denodo_vdp","dbo/t_d_xle_party_broker/dw_row_end_dt","policy_asset/bv_sz_dw_xle_t_d_xle_party_broker/dw_row_end_dt"
"","ds_azure_sql_dw_strategicdev","denodo_vdp","dbo/t_d_xle_party_broker/dw_batch_id","policy_asset/bv_sz_dw_xle_t_d_xle_party_broker/dw_batch_id"
"","ds_azure_sql_dw_strategicdev","denodo_vdp","dbo/t_d_xle_party_broker/dw_create_dt","policy_asset/bv_sz_dw_xle_t_d_xle_party_broker/dw_create_dt"
"","ds_azure_sql_dw_strategicdev","denodo_vdp","dbo/t_d_xle_party_broker/dw_last_update_dt","policy_asset/bv_sz_dw_xle_t_d_xle_party_broker/dw_last_update_dt"
"","ds_azure_sql_dw_strategicdev","denodo_vdp","dbo/t_d_xle_party_broker/broker_lgl_address_line_1","policy_asset/bv_sz_dw_xle_t_d_xle_party_broker/broker_lgl_address_line_1"
"","ds_azure_sql_dw_strategicdev","denodo_vdp","dbo/t_d_xle_party_broker/broker_lgl_address_line_2","policy_asset/bv_sz_dw_xle_t_d_xle_party_broker/broker_lgl_address_line_2"
"","ds_azure_sql_dw_strategicdev","denodo_vdp","dbo/t_d_xle_party_broker/broker_lgl_postal_office_box","policy_asset/bv_sz_dw_xle_t_d_xle_party_broker/broker_lgl_postal_office_box"
"","ds_azure_sql_dw_strategicdev","denodo_vdp","dbo/t_d_xle_party_broker/broker_lgl_city","policy_asset/bv_sz_dw_xle_t_d_xle_party_broker/broker_lgl_city"
"","ds_azure_sql_dw_strategicdev","denodo_vdp","dbo/t_d_xle_party_broker/broker_lgl_state_or_province_cd","policy_asset/bv_sz_dw_xle_t_d_xle_party_broker/broker_lgl_state_or_province_cd"
"","ds_azure_sql_dw_strategicdev","denodo_vdp","dbo/t_d_xle_party_broker/broker_lgl_state_or_province_nme","policy_asset/bv_sz_dw_xle_t_d_xle_party_broker/broker_lgl_state_or_province_nme"
"","ds_azure_sql_dw_strategicdev","denodo_vdp","dbo/t_d_xle_party_broker/broker_lgl_zip_postal_cd","policy_asset/bv_sz_dw_xle_t_d_xle_party_broker/broker_lgl_zip_postal_cd"
"","ds_azure_sql_dw_strategicdev","denodo_vdp","dbo/t_d_xle_party_broker/broker_lgl_cnty_nme","policy_asset/bv_sz_dw_xle_t_d_xle_party_broker/broker_lgl_cnty_nme"
"","ds_azure_sql_dw_strategicdev","denodo_vdp","dbo/t_d_xle_party_broker/broker_lgl_ctry_code","policy_asset/bv_sz_dw_xle_t_d_xle_party_broker/broker_lgl_ctry_code"
"","ds_azure_sql_dw_strategicdev","denodo_vdp","dbo/t_d_xle_party_broker/broker_lgl_ctry_nme","policy_asset/bv_sz_dw_xle_t_d_xle_party_broker/broker_lgl_ctry_nme"
"","ds_azure_sql_dw_strategicdev","denodo_vdp","dbo/t_d_xle_party_broker/broker_office_phone_nbr","policy_asset/bv_sz_dw_xle_t_d_xle_party_broker/broker_office_phone_nbr"
"","ds_azure_sql_dw_strategicdev","denodo_vdp","dbo/t_d_xle_party_broker/broker_fax_nbr","policy_asset/bv_sz_dw_xle_t_d_xle_party_broker/broker_fax_nbr"
"","ds_azure_sql_dw_strategicdev","denodo_vdp","dbo/t_d_xle_party_broker/broker_email","policy_asset/bv_sz_dw_xle_t_d_xle_party_broker/broker_email"
"","ds_azure_sql_dw_strategicdev","denodo_vdp","dbo/t_d_xle_party_broker/broker_web_site","policy_asset/bv_sz_dw_xle_t_d_xle_party_broker/broker_web_site"
"","ds_azure_sql_dw_strategicdev","denodo_vdp","dbo/t_d_xle_party_broker/broker_fed_employer_id_nbr","policy_asset/bv_sz_dw_xle_t_d_xle_party_broker/broker_fed_employer_id_nbr"
"","ds_azure_sql_dw_strategicdev","denodo_vdp","dbo/t_d_xle_party_broker/l_broker_address_line_1","policy_asset/bv_sz_dw_xle_t_d_xle_party_broker/l_broker_address_line_1"
"","ds_azure_sql_dw_strategicdev","denodo_vdp","dbo/t_d_xle_party_broker/l_broker_address_line_2","policy_asset/bv_sz_dw_xle_t_d_xle_party_broker/l_broker_address_line_2"
"","ds_azure_sql_dw_strategicdev","denodo_vdp","dbo/t_d_xle_party_broker/l_broker_address_line_3","policy_asset/bv_sz_dw_xle_t_d_xle_party_broker/l_broker_address_line_3"
"","ds_azure_sql_dw_strategicdev","denodo_vdp","dbo/t_d_xle_party_broker/l_broker_address_line_4","policy_asset/bv_sz_dw_xle_t_d_xle_party_broker/l_broker_address_line_4"
"","ds_azure_sql_dw_strategicdev","denodo_vdp","dbo/t_d_xle_party_broker/l_broker_address_line_5","policy_asset/bv_sz_dw_xle_t_d_xle_party_broker/l_broker_address_line_5"
"","ds_azure_sql_dw_strategicdev","denodo_vdp","dbo/t_d_xle_party_broker/l_broker_postal_office_box","policy_asset/bv_sz_dw_xle_t_d_xle_party_broker/l_broker_postal_office_box"
"","ds_azure_sql_dw_strategicdev","denodo_vdp","dbo/t_d_xle_party_broker/l_broker_city","policy_asset/bv_sz_dw_xle_t_d_xle_party_broker/l_broker_city"
"","ds_azure_sql_dw_strategicdev","denodo_vdp","dbo/t_d_xle_party_broker/l_broker_state_or_province_cd","policy_asset/bv_sz_dw_xle_t_d_xle_party_broker/l_broker_state_or_province_cd"
"","ds_azure_sql_dw_strategicdev","denodo_vdp","dbo/t_d_xle_party_broker/l_broker_state_or_province_nme","policy_asset/bv_sz_dw_xle_t_d_xle_party_broker/l_broker_state_or_province_nme"
"","ds_azure_sql_dw_strategicdev","denodo_vdp","dbo/t_d_xle_party_broker/l_broker_zip_postal_cd","policy_asset/bv_sz_dw_xle_t_d_xle_party_broker/l_broker_zip_postal_cd"
"","ds_azure_sql_dw_strategicdev","denodo_vdp","dbo/t_d_xle_party_broker/l_broker_cnty_nme","policy_asset/bv_sz_dw_xle_t_d_xle_party_broker/l_broker_cnty_nme"
"","ds_azure_sql_dw_strategicdev","denodo_vdp","dbo/t_d_xle_party_broker/l_broker_ctry_code","policy_asset/bv_sz_dw_xle_t_d_xle_party_broker/l_broker_ctry_code"
"","ds_azure_sql_dw_strategicdev","denodo_vdp","dbo/t_d_xle_party_broker/l_broker_ctry_nme","policy_asset/bv_sz_dw_xle_t_d_xle_party_broker/l_broker_ctry_nme"
"","ds_azure_sql_dw_strategicdev","denodo_vdp","dbo/t_d_xle_party_broker/l_broker_office_phone_nbr","policy_asset/bv_sz_dw_xle_t_d_xle_party_broker/l_broker_office_phone_nbr"
"","ds_azure_sql_dw_strategicdev","denodo_vdp","dbo/t_d_xle_party_broker/l_broker_fax_nbr","policy_asset/bv_sz_dw_xle_t_d_xle_party_broker/l_broker_fax_nbr"
"","ds_azure_sql_dw_strategicdev","denodo_vdp","dbo/t_d_xle_party_broker/l_broker_email","policy_asset/bv_sz_dw_xle_t_d_xle_party_broker/l_broker_email"
"","ds_azure_sql_dw_strategicdev","denodo_vdp","dbo/t_d_xle_party_broker/l_broker_web_site","policy_asset/bv_sz_dw_xle_t_d_xle_party_broker/l_broker_web_site"
"","ds_azure_sql_dw_strategicdev","denodo_vdp","dbo/t_d_xle_party_broker/l_broker_contact_nme","policy_asset/bv_sz_dw_xle_t_d_xle_party_broker/l_broker_contact_nme"
"","ds_azure_sql_dw_strategicdev","denodo_vdp","dbo/t_d_xle_party_broker/l_broker_fed_employer_id_nbr","policy_asset/bv_sz_dw_xle_t_d_xle_party_broker/l_broker_fed_employer_id_nbr"
"","ds_azure_sql_dw_strategicdev","denodo_vdp","dbo/t_d_xle_party_broker/broker_lgl_address_line_3","policy_asset/bv_sz_dw_xle_t_d_xle_party_broker/broker_lgl_address_line_3"
"","ds_azure_sql_dw_strategicdev","denodo_vdp","dbo/t_d_xle_party_broker/broker_banding_ind","policy_asset/bv_sz_dw_xle_t_d_xle_party_broker/broker_banding_ind"
"","ds_azure_sql_dw_strategicdev","denodo_vdp","dbo/t_d_xle_party_broker/broker_deleted_ind","policy_asset/bv_sz_dw_xle_t_d_xle_party_broker/broker_deleted_ind"
"","ds_azure_sql_dw_strategicdev","denodo_vdp","dbo/t_d_xle_party_broker/broker_src_sys_cd","policy_asset/bv_sz_dw_xle_t_d_xle_party_broker/broker_src_sys_cd"
"","ds_azure_sql_dw_strategicdev","denodo_vdp","dbo/t_d_xle_party_broker/dw_row_active_ind","policy_asset/bv_sz_dw_xle_t_d_xle_party_broker/dw_row_active_ind"
"","ds_azure_sql_dw_strategicdev","denodo_vdp","dbo/t_d_xle_party_insured/party_insured_key","policy_asset/bv_sz_dw_xle_t_d_xle_party_insured/party_insured_key"
"","ds_azure_sql_dw_strategicdev","denodo_vdp","dbo/t_d_xle_party_insured/party_insured_id","policy_asset/bv_sz_dw_xle_t_d_xle_party_insured/party_insured_id"
"","ds_azure_sql_dw_strategicdev","denodo_vdp","dbo/t_d_xle_party_insured/party_insured_textnk","policy_asset/bv_sz_dw_xle_t_d_xle_party_insured/party_insured_textnk"
"","ds_azure_sql_dw_strategicdev","denodo_vdp","dbo/t_d_xle_party_insured/party_insured_hashnk","policy_asset/bv_sz_dw_xle_t_d_xle_party_insured/party_insured_hashnk"
"","ds_azure_sql_dw_strategicdev","denodo_vdp","dbo/t_d_xle_party_insured/party_insured_hashfull","policy_asset/bv_sz_dw_xle_t_d_xle_party_insured/party_insured_hashfull"
"","ds_azure_sql_dw_strategicdev","denodo_vdp","dbo/t_d_xle_party_insured/insured_data_source_ind","policy_asset/bv_sz_dw_xle_t_d_xle_party_insured/insured_data_source_ind"
"","ds_azure_sql_dw_strategicdev","denodo_vdp","dbo/t_d_xle_party_insured/insured_static_nme","policy_asset/bv_sz_dw_xle_t_d_xle_party_insured/insured_static_nme"
"","ds_azure_sql_dw_strategicdev","denodo_vdp","dbo/t_d_xle_party_insured/insured_static_nme_cd","policy_asset/bv_sz_dw_xle_t_d_xle_party_insured/insured_static_nme_cd"
"","ds_azure_sql_dw_strategicdev","denodo_vdp","dbo/t_d_xle_party_insured/insured_duns_nbr","policy_asset/bv_sz_dw_xle_t_d_xle_party_insured/insured_duns_nbr"
"","ds_azure_sql_dw_strategicdev","denodo_vdp","dbo/t_d_xle_party_insured/insured_trd_of_bus_cd","policy_asset/bv_sz_dw_xle_t_d_xle_party_insured/insured_trd_of_bus_cd"
"","ds_azure_sql_dw_strategicdev","denodo_vdp","dbo/t_d_xle_party_insured/insured_trd_of_bus_descr","policy_asset/bv_sz_dw_xle_t_d_xle_party_insured/insured_trd_of_bus_descr"
"","ds_azure_sql_dw_strategicdev","denodo_vdp","dbo/t_d_xle_party_insured/insured_pseudo_duns_nbr","policy_asset/bv_sz_dw_xle_t_d_xle_party_insured/insured_pseudo_duns_nbr"
"","ds_azure_sql_dw_strategicdev","denodo_vdp","dbo/t_d_xle_party_insured/l_insured_duns_nbr","policy_asset/bv_sz_dw_xle_t_d_xle_party_insured/l_insured_duns_nbr"
"","ds_azure_sql_dw_strategicdev","denodo_vdp","dbo/t_d_xle_party_insured/l_insured_pseudo_duns_nbr","policy_asset/bv_sz_dw_xle_t_d_xle_party_insured/l_insured_pseudo_duns_nbr"
"","ds_azure_sql_dw_strategicdev","denodo_vdp","dbo/t_d_xle_party_insured/insured_nme","policy_asset/bv_sz_dw_xle_t_d_xle_party_insured/insured_nme"
"","ds_azure_sql_dw_strategicdev","denodo_vdp","dbo/t_d_xle_party_insured/insured_ownership_type","policy_asset/bv_sz_dw_xle_t_d_xle_party_insured/insured_ownership_type"
"","ds_azure_sql_dw_strategicdev","denodo_vdp","dbo/t_d_xle_party_insured/insured_ultimate_parent_duns_nbr","policy_asset/bv_sz_dw_xle_t_d_xle_party_insured/insured_ultimate_parent_duns_nbr"
"","ds_azure_sql_dw_strategicdev","denodo_vdp","dbo/t_d_xle_party_insured/insured_ultimate_parent_nme","policy_asset/bv_sz_dw_xle_t_d_xle_party_insured/insured_ultimate_parent_nme"
"","ds_azure_sql_dw_strategicdev","denodo_vdp","dbo/t_d_xle_party_insured/dw_row_start_dt","policy_asset/bv_sz_dw_xle_t_d_xle_party_insured/dw_row_start_dt"
"","ds_azure_sql_dw_strategicdev","denodo_vdp","dbo/t_d_xle_party_insured/dw_row_end_dt","policy_asset/bv_sz_dw_xle_t_d_xle_party_insured/dw_row_end_dt"
"","ds_azure_sql_dw_strategicdev","denodo_vdp","dbo/t_d_xle_party_insured/dw_batch_id","policy_asset/bv_sz_dw_xle_t_d_xle_party_insured/dw_batch_id"
"","ds_azure_sql_dw_strategicdev","denodo_vdp","dbo/t_d_xle_party_insured/dw_create_dt","policy_asset/bv_sz_dw_xle_t_d_xle_party_insured/dw_create_dt"
"","ds_azure_sql_dw_strategicdev","denodo_vdp","dbo/t_d_xle_party_insured/dw_last_update_dt","policy_asset/bv_sz_dw_xle_t_d_xle_party_insured/dw_last_update_dt"
"","ds_azure_sql_dw_strategicdev","denodo_vdp","dbo/t_d_xle_party_insured/l_insured_address_line_1","policy_asset/bv_sz_dw_xle_t_d_xle_party_insured/l_insured_address_line_1"
"","ds_azure_sql_dw_strategicdev","denodo_vdp","dbo/t_d_xle_party_insured/l_insured_address_line_2","policy_asset/bv_sz_dw_xle_t_d_xle_party_insured/l_insured_address_line_2"
"","ds_azure_sql_dw_strategicdev","denodo_vdp","dbo/t_d_xle_party_insured/l_insured_address_line_3","policy_asset/bv_sz_dw_xle_t_d_xle_party_insured/l_insured_address_line_3"
"","ds_azure_sql_dw_strategicdev","denodo_vdp","dbo/t_d_xle_party_insured/l_insured_postal_office_box","policy_asset/bv_sz_dw_xle_t_d_xle_party_insured/l_insured_postal_office_box"
"","ds_azure_sql_dw_strategicdev","denodo_vdp","dbo/t_d_xle_party_insured/l_insured_city","policy_asset/bv_sz_dw_xle_t_d_xle_party_insured/l_insured_city"
"","ds_azure_sql_dw_strategicdev","denodo_vdp","dbo/t_d_xle_party_insured/l_insured_cnty_nme","policy_asset/bv_sz_dw_xle_t_d_xle_party_insured/l_insured_cnty_nme"
"","ds_azure_sql_dw_strategicdev","denodo_vdp","dbo/t_d_xle_party_insured/l_insured_state_or_province_cd","policy_asset/bv_sz_dw_xle_t_d_xle_party_insured/l_insured_state_or_province_cd"
"","ds_azure_sql_dw_strategicdev","denodo_vdp","dbo/t_d_xle_party_insured/l_insured_state_or_province_nme","policy_asset/bv_sz_dw_xle_t_d_xle_party_insured/l_insured_state_or_province_nme"
"","ds_azure_sql_dw_strategicdev","denodo_vdp","dbo/t_d_xle_party_insured/l_insured_zip_postal_cd","policy_asset/bv_sz_dw_xle_t_d_xle_party_insured/l_insured_zip_postal_cd"
"","ds_azure_sql_dw_strategicdev","denodo_vdp","dbo/t_d_xle_party_insured/insured_address_line_1","policy_asset/bv_sz_dw_xle_t_d_xle_party_insured/insured_address_line_1"
"","ds_azure_sql_dw_strategicdev","denodo_vdp","dbo/t_d_xle_party_insured/insured_address_line_2","policy_asset/bv_sz_dw_xle_t_d_xle_party_insured/insured_address_line_2"
"","ds_azure_sql_dw_strategicdev","denodo_vdp","dbo/t_d_xle_party_insured/insured_address_line_3","policy_asset/bv_sz_dw_xle_t_d_xle_party_insured/insured_address_line_3"
"","ds_azure_sql_dw_strategicdev","denodo_vdp","dbo/t_d_xle_party_insured/insured_postal_office_box","policy_asset/bv_sz_dw_xle_t_d_xle_party_insured/insured_postal_office_box"
"","ds_azure_sql_dw_strategicdev","denodo_vdp","dbo/t_d_xle_party_insured/insured_city","policy_asset/bv_sz_dw_xle_t_d_xle_party_insured/insured_city"
"","ds_azure_sql_dw_strategicdev","denodo_vdp","dbo/t_d_xle_party_insured/insured_cnty_nme","policy_asset/bv_sz_dw_xle_t_d_xle_party_insured/insured_cnty_nme"
"","ds_azure_sql_dw_strategicdev","denodo_vdp","dbo/t_d_xle_party_insured/insured_state_or_province_cd","policy_asset/bv_sz_dw_xle_t_d_xle_party_insured/insured_state_or_province_cd"
"","ds_azure_sql_dw_strategicdev","denodo_vdp","dbo/t_d_xle_party_insured/insured_state_or_province_nme","policy_asset/bv_sz_dw_xle_t_d_xle_party_insured/insured_state_or_province_nme"
"","ds_azure_sql_dw_strategicdev","denodo_vdp","dbo/t_d_xle_party_insured/insured_zip_postal_cd","policy_asset/bv_sz_dw_xle_t_d_xle_party_insured/insured_zip_postal_cd"
"","ds_azure_sql_dw_strategicdev","denodo_vdp","dbo/t_d_xle_party_insured/insured_headquarters_state_nme","policy_asset/bv_sz_dw_xle_t_d_xle_party_insured/insured_headquarters_state_nme"
"","ds_azure_sql_dw_strategicdev","denodo_vdp","dbo/t_d_xle_party_insured/insured_deleted_ind","policy_asset/bv_sz_dw_xle_t_d_xle_party_insured/insured_deleted_ind"
"","ds_azure_sql_dw_strategicdev","denodo_vdp","dbo/t_d_xle_party_insured/l_insured_ctry_code","policy_asset/bv_sz_dw_xle_t_d_xle_party_insured/l_insured_ctry_code"
"","ds_azure_sql_dw_strategicdev","denodo_vdp","dbo/t_d_xle_party_insured/l_insured_ctry_nme","policy_asset/bv_sz_dw_xle_t_d_xle_party_insured/l_insured_ctry_nme"
"","ds_azure_sql_dw_strategicdev","denodo_vdp","dbo/t_d_xle_party_insured/insured_ctry_code","policy_asset/bv_sz_dw_xle_t_d_xle_party_insured/insured_ctry_code"
"","ds_azure_sql_dw_strategicdev","denodo_vdp","dbo/t_d_xle_party_insured/insured_ctry_nme","policy_asset/bv_sz_dw_xle_t_d_xle_party_insured/insured_ctry_nme"
"","ds_azure_sql_dw_strategicdev","denodo_vdp","dbo/t_d_xle_party_insured/insured_client_grp_nme","policy_asset/bv_sz_dw_xle_t_d_xle_party_insured/insured_client_grp_nme"
"","ds_azure_sql_dw_strategicdev","denodo_vdp","dbo/t_d_xle_party_insured/insured_us_sales_reliablity_cd","policy_asset/bv_sz_dw_xle_t_d_xle_party_insured/insured_us_sales_reliablity_cd"
"","ds_azure_sql_dw_strategicdev","denodo_vdp","dbo/t_d_xle_party_insured/insured_us_sales_reliablity_descr","policy_asset/bv_sz_dw_xle_t_d_xle_party_insured/insured_us_sales_reliablity_descr"
"","ds_azure_sql_dw_strategicdev","denodo_vdp","dbo/t_d_xle_party_insured/insured_us_sales_amt_usd","policy_asset/bv_sz_dw_xle_t_d_xle_party_insured/insured_us_sales_amt_usd"
"","ds_azure_sql_dw_strategicdev","denodo_vdp","dbo/t_d_xle_party_insured/insured_src_sys_cd","policy_asset/bv_sz_dw_xle_t_d_xle_party_insured/insured_src_sys_cd"
"","ds_azure_sql_dw_strategicdev","denodo_vdp","dbo/t_d_xle_party_insured/dw_row_active_ind","policy_asset/bv_sz_dw_xle_t_d_xle_party_insured/dw_row_active_ind"
"","ds_azure_sql_dw_strategicdev","denodo_vdp","dbo/t_d_xle_party_underwriter/party_underwriter_key","policy_asset/bv_sz_dw_xle_t_d_xle_party_underwriter/party_underwriter_key"
"","ds_azure_sql_dw_strategicdev","denodo_vdp","dbo/t_d_xle_party_underwriter/party_underwriter_id","policy_asset/bv_sz_dw_xle_t_d_xle_party_underwriter/party_underwriter_id"
"","ds_azure_sql_dw_strategicdev","denodo_vdp","dbo/t_d_xle_party_underwriter/party_underwriter_textnk","policy_asset/bv_sz_dw_xle_t_d_xle_party_underwriter/party_underwriter_textnk"
"","ds_azure_sql_dw_strategicdev","denodo_vdp","dbo/t_d_xle_party_underwriter/party_underwriter_hashnk","policy_asset/bv_sz_dw_xle_t_d_xle_party_underwriter/party_underwriter_hashnk"
"","ds_azure_sql_dw_strategicdev","denodo_vdp","dbo/t_d_xle_party_underwriter/party_underwriter_hashfull","policy_asset/bv_sz_dw_xle_t_d_xle_party_underwriter/party_underwriter_hashfull"
"","ds_azure_sql_dw_strategicdev","denodo_vdp","dbo/t_d_xle_party_underwriter/underwriter_static_nme","policy_asset/bv_sz_dw_xle_t_d_xle_party_underwriter/underwriter_static_nme"
"","ds_azure_sql_dw_strategicdev","denodo_vdp","dbo/t_d_xle_party_underwriter/underwriter_static_nme_cd","policy_asset/bv_sz_dw_xle_t_d_xle_party_underwriter/underwriter_static_nme_cd"
"","ds_azure_sql_dw_strategicdev","denodo_vdp","dbo/t_d_xle_party_underwriter/underwriter_data_source_ind","policy_asset/bv_sz_dw_xle_t_d_xle_party_underwriter/underwriter_data_source_ind"
"","ds_azure_sql_dw_strategicdev","denodo_vdp","dbo/t_d_xle_party_underwriter/underwriter_nme","policy_asset/bv_sz_dw_xle_t_d_xle_party_underwriter/underwriter_nme"
"","ds_azure_sql_dw_strategicdev","denodo_vdp","dbo/t_d_xle_party_underwriter/underwriter_office","policy_asset/bv_sz_dw_xle_t_d_xle_party_underwriter/underwriter_office"
"","ds_azure_sql_dw_strategicdev","denodo_vdp","dbo/t_d_xle_party_underwriter/underwriter_id","policy_asset/bv_sz_dw_xle_t_d_xle_party_underwriter/underwriter_id"
"","ds_azure_sql_dw_strategicdev","denodo_vdp","dbo/t_d_xle_party_underwriter/dw_row_start_dt","policy_asset/bv_sz_dw_xle_t_d_xle_party_underwriter/dw_row_start_dt"
"","ds_azure_sql_dw_strategicdev","denodo_vdp","dbo/t_d_xle_party_underwriter/dw_row_end_dt","policy_asset/bv_sz_dw_xle_t_d_xle_party_underwriter/dw_row_end_dt"
"","ds_azure_sql_dw_strategicdev","denodo_vdp","dbo/t_d_xle_party_underwriter/dw_batch_id","policy_asset/bv_sz_dw_xle_t_d_xle_party_underwriter/dw_batch_id"
"","ds_azure_sql_dw_strategicdev","denodo_vdp","dbo/t_d_xle_party_underwriter/dw_create_dt","policy_asset/bv_sz_dw_xle_t_d_xle_party_underwriter/dw_create_dt"
"","ds_azure_sql_dw_strategicdev","denodo_vdp","dbo/t_d_xle_party_underwriter/dw_last_update_dt","policy_asset/bv_sz_dw_xle_t_d_xle_party_underwriter/dw_last_update_dt"
"","ds_azure_sql_dw_strategicdev","denodo_vdp","dbo/t_d_xle_party_underwriter/underwriter_deleted_ind","policy_asset/bv_sz_dw_xle_t_d_xle_party_underwriter/underwriter_deleted_ind"
"","ds_azure_sql_dw_strategicdev","denodo_vdp","dbo/t_d_xle_party_underwriter/underwriter_src_sys_cd","policy_asset/bv_sz_dw_xle_t_d_xle_party_underwriter/underwriter_src_sys_cd"
"","ds_azure_sql_dw_strategicdev","denodo_vdp","dbo/t_d_xle_party_underwriter/dw_row_active_ind","policy_asset/bv_sz_dw_xle_t_d_xle_party_underwriter/dw_row_active_ind"
"","ds_azure_sql_dw_strategicdev","denodo_vdp","dbo/t_d_xle_policy/plcy_key","policy_asset/bv_sz_dw_xle_t_d_xle_policy/plcy_key"
"","ds_azure_sql_dw_strategicdev","denodo_vdp","dbo/t_d_xle_policy/plcy_id","policy_asset/bv_sz_dw_xle_t_d_xle_policy/plcy_id"
"","ds_azure_sql_dw_strategicdev","denodo_vdp","dbo/t_d_xle_policy/plcy_hashnk","policy_asset/bv_sz_dw_xle_t_d_xle_policy/plcy_hashnk"
"","ds_azure_sql_dw_strategicdev","denodo_vdp","dbo/t_d_xle_policy/plcy_hashfull","policy_asset/bv_sz_dw_xle_t_d_xle_policy/plcy_hashfull"
"","ds_azure_sql_dw_strategicdev","denodo_vdp","dbo/t_d_xle_policy/plcy_textnk","policy_asset/bv_sz_dw_xle_t_d_xle_policy/plcy_textnk"
"","ds_azure_sql_dw_strategicdev","denodo_vdp","dbo/t_d_xle_policy/plcy_nbr","policy_asset/bv_sz_dw_xle_t_d_xle_policy/plcy_nbr"
"","ds_azure_sql_dw_strategicdev","denodo_vdp","dbo/t_d_xle_policy/plcy_eff_dt","policy_asset/bv_sz_dw_xle_t_d_xle_policy/plcy_eff_dt"
"","ds_azure_sql_dw_strategicdev","denodo_vdp","dbo/t_d_xle_policy/plcy_expr_dt","policy_asset/bv_sz_dw_xle_t_d_xle_policy/plcy_expr_dt"
"","ds_azure_sql_dw_strategicdev","denodo_vdp","dbo/t_d_xle_policy/plcy_cancelled_dt","policy_asset/bv_sz_dw_xle_t_d_xle_policy/plcy_cancelled_dt"
"","ds_azure_sql_dw_strategicdev","denodo_vdp","dbo/t_d_xle_policy/plcy_binder_mga_cancel_notice_pd","policy_asset/bv_sz_dw_xle_t_d_xle_policy/plcy_binder_mga_cancel_notice_pd"
"","ds_azure_sql_dw_strategicdev","denodo_vdp","dbo/t_d_xle_policy/plcy_binder_mga_ind","policy_asset/bv_sz_dw_xle_t_d_xle_policy/plcy_binder_mga_ind"
"","ds_azure_sql_dw_strategicdev","denodo_vdp","dbo/t_d_xle_policy/plcy_ledger_ri_type_cd","policy_asset/bv_sz_dw_xle_t_d_xle_policy/plcy_ledger_ri_type_cd"
"","ds_azure_sql_dw_strategicdev","denodo_vdp","dbo/t_d_xle_policy/plcy_ledger_ri_type_descr","policy_asset/bv_sz_dw_xle_t_d_xle_policy/plcy_ledger_ri_type_descr"
"","ds_azure_sql_dw_strategicdev","denodo_vdp","dbo/t_d_xle_policy/plcy_days_to_cancel","policy_asset/bv_sz_dw_xle_t_d_xle_policy/plcy_days_to_cancel"
"","ds_azure_sql_dw_strategicdev","denodo_vdp","dbo/t_d_xle_policy/plcy_dir_assm_ind","policy_asset/bv_sz_dw_xle_t_d_xle_policy/plcy_dir_assm_ind"
"","ds_azure_sql_dw_strategicdev","denodo_vdp","dbo/t_d_xle_policy/plcy_dir_assm_ind_descr","policy_asset/bv_sz_dw_xle_t_d_xle_policy/plcy_dir_assm_ind_descr"
"","ds_azure_sql_dw_strategicdev","denodo_vdp","dbo/t_d_xle_policy/plcy_earn_pattern_method_ind","policy_asset/bv_sz_dw_xle_t_d_xle_policy/plcy_earn_pattern_method_ind"
"","ds_azure_sql_dw_strategicdev","denodo_vdp","dbo/t_d_xle_policy/plcy_old_new_econ_ind","policy_asset/bv_sz_dw_xle_t_d_xle_policy/plcy_old_new_econ_ind"
"","ds_azure_sql_dw_strategicdev","denodo_vdp","dbo/t_d_xle_policy/plcy_lead_follow_ind","policy_asset/bv_sz_dw_xle_t_d_xle_policy/plcy_lead_follow_ind"
"","ds_azure_sql_dw_strategicdev","denodo_vdp","dbo/t_d_xle_policy/plcy_market_class_cd","policy_asset/bv_sz_dw_xle_t_d_xle_policy/plcy_market_class_cd"
"","ds_azure_sql_dw_strategicdev","denodo_vdp","dbo/t_d_xle_policy/plcy_market_class_descr","policy_asset/bv_sz_dw_xle_t_d_xle_policy/plcy_market_class_descr"
"","ds_azure_sql_dw_strategicdev","denodo_vdp","dbo/t_d_xle_policy/plcy_mgmt_triangle_cd","policy_asset/bv_sz_dw_xle_t_d_xle_policy/plcy_mgmt_triangle_cd"
"","ds_azure_sql_dw_strategicdev","denodo_vdp","dbo/t_d_xle_policy/plcy_mgmt_triangle_descr","policy_asset/bv_sz_dw_xle_t_d_xle_policy/plcy_mgmt_triangle_descr"
"","ds_azure_sql_dw_strategicdev","denodo_vdp","dbo/t_d_xle_policy/plcy_lta_eff_dt","policy_asset/bv_sz_dw_xle_t_d_xle_policy/plcy_lta_eff_dt"
"","ds_azure_sql_dw_strategicdev","denodo_vdp","dbo/t_d_xle_policy/plcy_lta_expr_dt","policy_asset/bv_sz_dw_xle_t_d_xle_policy/plcy_lta_expr_dt"
"","ds_azure_sql_dw_strategicdev","denodo_vdp","dbo/t_d_xle_policy/plcy_lta_ind","policy_asset/bv_sz_dw_xle_t_d_xle_policy/plcy_lta_ind"
"","ds_azure_sql_dw_strategicdev","denodo_vdp","dbo/t_d_xle_policy/plcy_new_rnwl_ind","policy_asset/bv_sz_dw_xle_t_d_xle_policy/plcy_new_rnwl_ind"
"","ds_azure_sql_dw_strategicdev","denodo_vdp","dbo/t_d_xle_policy/plcy_new_rnwl_ind_descr","policy_asset/bv_sz_dw_xle_t_d_xle_policy/plcy_new_rnwl_ind_descr"
"","ds_azure_sql_dw_strategicdev","denodo_vdp","dbo/t_d_xle_policy/plcy_orig_eff_dt","policy_asset/bv_sz_dw_xle_t_d_xle_policy/plcy_orig_eff_dt"
"","ds_azure_sql_dw_strategicdev","denodo_vdp","dbo/t_d_xle_policy/plcy_orig_expr_dt","policy_asset/bv_sz_dw_xle_t_d_xle_policy/plcy_orig_expr_dt"
"","ds_azure_sql_dw_strategicdev","denodo_vdp","dbo/t_d_xle_policy/plcy_primary_excess_ind","policy_asset/bv_sz_dw_xle_t_d_xle_policy/plcy_primary_excess_ind"
"","ds_azure_sql_dw_strategicdev","denodo_vdp","dbo/t_d_xle_policy/plcy_primary_excess_ind_descr","policy_asset/bv_sz_dw_xle_t_d_xle_policy/plcy_primary_excess_ind_descr"
"","ds_azure_sql_dw_strategicdev","denodo_vdp","dbo/t_d_xle_policy/plcy_prog_ind","policy_asset/bv_sz_dw_xle_t_d_xle_policy/plcy_prog_ind"
"","ds_azure_sql_dw_strategicdev","denodo_vdp","dbo/t_d_xle_policy/plcy_prog_ind_descr","policy_asset/bv_sz_dw_xle_t_d_xle_policy/plcy_prog_ind_descr"
"","ds_azure_sql_dw_strategicdev","denodo_vdp","dbo/t_d_xle_policy/plcy_prog_master_ind","policy_asset/bv_sz_dw_xle_t_d_xle_policy/plcy_prog_master_ind"
"","ds_azure_sql_dw_strategicdev","denodo_vdp","dbo/t_d_xle_policy/plcy_prog_master_layer_ind","policy_asset/bv_sz_dw_xle_t_d_xle_policy/plcy_prog_master_layer_ind"
"","ds_azure_sql_dw_strategicdev","denodo_vdp","dbo/t_d_xle_policy/plcy_risk_class_cd","policy_asset/bv_sz_dw_xle_t_d_xle_policy/plcy_risk_class_cd"
"","ds_azure_sql_dw_strategicdev","denodo_vdp","dbo/t_d_xle_policy/plcy_risk_class_descr","policy_asset/bv_sz_dw_xle_t_d_xle_policy/plcy_risk_class_descr"
"","ds_azure_sql_dw_strategicdev","denodo_vdp","dbo/t_d_xle_policy/plcy_runoff_ind","policy_asset/bv_sz_dw_xle_t_d_xle_policy/plcy_runoff_ind"
"","ds_azure_sql_dw_strategicdev","denodo_vdp","dbo/t_d_xle_policy/plcy_share_of_whole_pct","policy_asset/bv_sz_dw_xle_t_d_xle_policy/plcy_share_of_whole_pct"
"","ds_azure_sql_dw_strategicdev","denodo_vdp","dbo/t_d_xle_policy/plcy_src_sys_cd","policy_asset/bv_sz_dw_xle_t_d_xle_policy/plcy_src_sys_cd"
"","ds_azure_sql_dw_strategicdev","denodo_vdp","dbo/t_d_xle_policy/plcy_syndicate_cd","policy_asset/bv_sz_dw_xle_t_d_xle_policy/plcy_syndicate_cd"
"","ds_azure_sql_dw_strategicdev","denodo_vdp","dbo/t_d_xle_policy/plcy_syndicate_nme","policy_asset/bv_sz_dw_xle_t_d_xle_policy/plcy_syndicate_nme"
"","ds_azure_sql_dw_strategicdev","denodo_vdp","dbo/t_d_xle_policy/plcy_syndicate_ssr_cd","policy_asset/bv_sz_dw_xle_t_d_xle_policy/plcy_syndicate_ssr_cd"
"","ds_azure_sql_dw_strategicdev","denodo_vdp","dbo/t_d_xle_policy/plcy_syndicate_ssr_descr","policy_asset/bv_sz_dw_xle_t_d_xle_policy/plcy_syndicate_ssr_descr"
"","ds_azure_sql_dw_strategicdev","denodo_vdp","dbo/t_d_xle_policy/plcy_uw_year","policy_asset/bv_sz_dw_xle_t_d_xle_policy/plcy_uw_year"
"","ds_azure_sql_dw_strategicdev","denodo_vdp","dbo/t_d_xle_policy/plcy_written_dt","policy_asset/bv_sz_dw_xle_t_d_xle_policy/plcy_written_dt"
"","ds_azure_sql_dw_strategicdev","denodo_vdp","dbo/t_d_xle_policy/prior_plcy_nbr","policy_asset/bv_sz_dw_xle_t_d_xle_policy/prior_plcy_nbr"
"","ds_azure_sql_dw_strategicdev","denodo_vdp","dbo/t_d_xle_policy/dw_row_active_ind","policy_asset/bv_sz_dw_xle_t_d_xle_policy/dw_row_active_ind"
"","ds_azure_sql_dw_strategicdev","denodo_vdp","dbo/t_d_xle_policy/dw_row_start_dt","policy_asset/bv_sz_dw_xle_t_d_xle_policy/dw_row_start_dt"
"","ds_azure_sql_dw_strategicdev","denodo_vdp","dbo/t_d_xle_policy/dw_row_end_dt","policy_asset/bv_sz_dw_xle_t_d_xle_policy/dw_row_end_dt"
"","ds_azure_sql_dw_strategicdev","denodo_vdp","dbo/t_d_xle_policy/dw_batch_id","policy_asset/bv_sz_dw_xle_t_d_xle_policy/dw_batch_id"
"","ds_azure_sql_dw_strategicdev","denodo_vdp","dbo/t_d_xle_policy/dw_create_dt","policy_asset/bv_sz_dw_xle_t_d_xle_policy/dw_create_dt"
"","ds_azure_sql_dw_strategicdev","denodo_vdp","dbo/t_d_xle_policy/dw_last_update_dt","policy_asset/bv_sz_dw_xle_t_d_xle_policy/dw_last_update_dt"
"","ds_azure_sql_dw_strategicdev","denodo_vdp","dbo/t_d_xle_policy/plcy_title","policy_asset/bv_sz_dw_xle_t_d_xle_policy/plcy_title"
"","ds_azure_sql_dw_strategicdev","denodo_vdp","dbo/t_d_xle_policy/plcy_risk_band_cd","policy_asset/bv_sz_dw_xle_t_d_xle_policy/plcy_risk_band_cd"
"","ds_azure_sql_dw_strategicdev","denodo_vdp","dbo/t_d_xle_policy/plcy_risk_band_descr","policy_asset/bv_sz_dw_xle_t_d_xle_policy/plcy_risk_band_descr"
"","ds_azure_sql_dw_strategicdev","denodo_vdp","dbo/t_d_xle_policy/plcy_old_new_econ_ind_descr","policy_asset/bv_sz_dw_xle_t_d_xle_policy/plcy_old_new_econ_ind_descr"
"","ds_azure_sql_dw_strategicdev","denodo_vdp","dbo/t_d_xle_policy/s2_plcy_status_cd","policy_asset/bv_sz_dw_xle_t_d_xle_policy/s2_plcy_status_cd"
"","ds_azure_sql_dw_strategicdev","denodo_vdp","dbo/t_d_xle_policy/s2_plcy_status_descr","policy_asset/bv_sz_dw_xle_t_d_xle_policy/s2_plcy_status_descr"
"","ds_azure_sql_dw_strategicdev","denodo_vdp","dbo/t_d_xle_policy/s2_plcy_status_dt","policy_asset/bv_sz_dw_xle_t_d_xle_policy/s2_plcy_status_dt"
"","ds_azure_sql_dw_strategicdev","denodo_vdp","dbo/t_d_xle_policy/plcy_upr_transition_dt","policy_asset/bv_sz_dw_xle_t_d_xle_policy/plcy_upr_transition_dt"
"","ds_azure_sql_dw_strategicdev","denodo_vdp","dbo/t_d_xle_policy/plcy_ny_free_trd_zn_class_cd","policy_asset/bv_sz_dw_xle_t_d_xle_policy/plcy_ny_free_trd_zn_class_cd"
"","ds_azure_sql_dw_strategicdev","denodo_vdp","dbo/t_d_xle_policy/plcy_ny_free_trd_zn_class_descr","policy_asset/bv_sz_dw_xle_t_d_xle_policy/plcy_ny_free_trd_zn_class_descr"
"","ds_azure_sql_dw_strategicdev","denodo_vdp","dbo/t_d_xle_policy/plcy_captive_ind","policy_asset/bv_sz_dw_xle_t_d_xle_policy/plcy_captive_ind"
"","ds_azure_sql_dw_strategicdev","denodo_vdp","dbo/t_d_xle_policy/plcy_captive_ind_descr","policy_asset/bv_sz_dw_xle_t_d_xle_policy/plcy_captive_ind_descr"
"","ds_azure_sql_dw_strategicdev","denodo_vdp","dbo/t_d_xle_policy/plcy_lgl_enty_consolidation_ind","policy_asset/bv_sz_dw_xle_t_d_xle_policy/plcy_lgl_enty_consolidation_ind"
"","ds_azure_sql_dw_strategicdev","denodo_vdp","dbo/t_d_xle_policy/plcy_multi_year_ind","policy_asset/bv_sz_dw_xle_t_d_xle_policy/plcy_multi_year_ind"
"","ds_azure_sql_dw_strategicdev","denodo_vdp","dbo/t_d_xle_policy/plcy_ny_free_trd_zn_stat_cd","policy_asset/bv_sz_dw_xle_t_d_xle_policy/plcy_ny_free_trd_zn_stat_cd"
"","ds_azure_sql_dw_strategicdev","denodo_vdp","dbo/t_d_xle_policy/plcy_ny_free_trd_zn_stat_descr","policy_asset/bv_sz_dw_xle_t_d_xle_policy/plcy_ny_free_trd_zn_stat_descr"
"","ds_azure_sql_dw_strategicdev","denodo_vdp","dbo/t_d_xle_policy/plcy_risk_purch_grp_ind","policy_asset/bv_sz_dw_xle_t_d_xle_policy/plcy_risk_purch_grp_ind"
"","ds_azure_sql_dw_strategicdev","denodo_vdp","dbo/t_d_xle_policy/legacy_prior_plcy_nbr","policy_asset/bv_sz_dw_xle_t_d_xle_policy/legacy_prior_plcy_nbr"
"","ds_azure_sql_dw_strategicdev","denodo_vdp","dbo/t_d_xle_policy/plcy_facilities_ind","policy_asset/bv_sz_dw_xle_t_d_xle_policy/plcy_facilities_ind"
"","ds_azure_sql_dw_strategicdev","denodo_vdp","dbo/t_d_xle_transaction_type_finance/trans_fin_type_key","policy_asset/bv_sz_dw_xle_t_d_xle_transaction_type_finance/trans_fin_type_key"
"","ds_azure_sql_dw_strategicdev","denodo_vdp","dbo/t_d_xle_transaction_type_finance/trans_fin_type_id","policy_asset/bv_sz_dw_xle_t_d_xle_transaction_type_finance/trans_fin_type_id"
"","ds_azure_sql_dw_strategicdev","denodo_vdp","dbo/t_d_xle_transaction_type_finance/trans_fin_type_hashnk","policy_asset/bv_sz_dw_xle_t_d_xle_transaction_type_finance/trans_fin_type_hashnk"
"","ds_azure_sql_dw_strategicdev","denodo_vdp","dbo/t_d_xle_transaction_type_finance/trans_fin_type_hashfull","policy_asset/bv_sz_dw_xle_t_d_xle_transaction_type_finance/trans_fin_type_hashfull"
"","ds_azure_sql_dw_strategicdev","denodo_vdp","dbo/t_d_xle_transaction_type_finance/trans_fin_type_bgv_rollup_cd","policy_asset/bv_sz_dw_xle_t_d_xle_transaction_type_finance/trans_fin_type_bgv_rollup_cd"
"","ds_azure_sql_dw_strategicdev","denodo_vdp","dbo/t_d_xle_transaction_type_finance/trans_fin_type_bgv_rollup_descr","policy_asset/bv_sz_dw_xle_t_d_xle_transaction_type_finance/trans_fin_type_bgv_rollup_descr"
"","ds_azure_sql_dw_strategicdev","denodo_vdp","dbo/t_d_xle_transaction_type_finance/trans_fin_type_deferred_ind","policy_asset/bv_sz_dw_xle_t_d_xle_transaction_type_finance/trans_fin_type_deferred_ind"
"","ds_azure_sql_dw_strategicdev","denodo_vdp","dbo/t_d_xle_transaction_type_finance/trans_fin_type_fx_conv_ind","policy_asset/bv_sz_dw_xle_t_d_xle_transaction_type_finance/trans_fin_type_fx_conv_ind"
"","ds_azure_sql_dw_strategicdev","denodo_vdp","dbo/t_d_xle_transaction_type_finance/trans_fin_type_iqs_ind","policy_asset/bv_sz_dw_xle_t_d_xle_transaction_type_finance/trans_fin_type_iqs_ind"
"","ds_azure_sql_dw_strategicdev","denodo_vdp","dbo/t_d_xle_transaction_type_finance/trans_fin_type_orig_curr_ind","policy_asset/bv_sz_dw_xle_t_d_xle_transaction_type_finance/trans_fin_type_orig_curr_ind"
"","ds_azure_sql_dw_strategicdev","denodo_vdp","dbo/t_d_xle_transaction_type_finance/trans_fin_type_prem_tax_ind","policy_asset/bv_sz_dw_xle_t_d_xle_transaction_type_finance/trans_fin_type_prem_tax_ind"
"","ds_azure_sql_dw_strategicdev","denodo_vdp","dbo/t_d_xle_transaction_type_finance/trans_fin_type_sub_cd","policy_asset/bv_sz_dw_xle_t_d_xle_transaction_type_finance/trans_fin_type_sub_cd"
"","ds_azure_sql_dw_strategicdev","denodo_vdp","dbo/t_d_xle_transaction_type_finance/trans_fin_type_sub_descr","policy_asset/bv_sz_dw_xle_t_d_xle_transaction_type_finance/trans_fin_type_sub_descr"
"","ds_azure_sql_dw_strategicdev","denodo_vdp","dbo/t_d_xle_transaction_type_finance/trans_fin_type_cd","policy_asset/bv_sz_dw_xle_t_d_xle_transaction_type_finance/trans_fin_type_cd"
"","ds_azure_sql_dw_strategicdev","denodo_vdp","dbo/t_d_xle_transaction_type_finance/trans_fin_type_descr","policy_asset/bv_sz_dw_xle_t_d_xle_transaction_type_finance/trans_fin_type_descr"
"","ds_azure_sql_dw_strategicdev","denodo_vdp","dbo/t_d_xle_transaction_type_finance/trans_fin_type_grp_cd","policy_asset/bv_sz_dw_xle_t_d_xle_transaction_type_finance/trans_fin_type_grp_cd"
"","ds_azure_sql_dw_strategicdev","denodo_vdp","dbo/t_d_xle_transaction_type_finance/trans_fin_type_grp_descr","policy_asset/bv_sz_dw_xle_t_d_xle_transaction_type_finance/trans_fin_type_grp_descr"
"","ds_azure_sql_dw_strategicdev","denodo_vdp","dbo/t_d_xle_transaction_type_finance/dw_row_active_ind","policy_asset/bv_sz_dw_xle_t_d_xle_transaction_type_finance/dw_row_active_ind"
"","ds_azure_sql_dw_strategicdev","denodo_vdp","dbo/t_d_xle_transaction_type_finance/dw_row_start_dt","policy_asset/bv_sz_dw_xle_t_d_xle_transaction_type_finance/dw_row_start_dt"
"","ds_azure_sql_dw_strategicdev","denodo_vdp","dbo/t_d_xle_transaction_type_finance/dw_row_end_dt","policy_asset/bv_sz_dw_xle_t_d_xle_transaction_type_finance/dw_row_end_dt"
"","ds_azure_sql_dw_strategicdev","denodo_vdp","dbo/t_d_xle_transaction_type_finance/dw_batch_id","policy_asset/bv_sz_dw_xle_t_d_xle_transaction_type_finance/dw_batch_id"
"","ds_azure_sql_dw_strategicdev","denodo_vdp","dbo/t_d_xle_transaction_type_finance/dw_create_dt","policy_asset/bv_sz_dw_xle_t_d_xle_transaction_type_finance/dw_create_dt"
"","ds_azure_sql_dw_strategicdev","denodo_vdp","dbo/t_d_xle_transaction_type_finance/dw_last_update_dt","policy_asset/bv_sz_dw_xle_t_d_xle_transaction_type_finance/dw_last_update_dt"
"","ds_azure_sql_dw_strategicdev","denodo_vdp","dbo/t_f_xle_policy_transaction_detail_as_is/ptd_as_is_fact_key","policy_asset/bv_sz_dw_xle_t_f_xle_policy_transaction_detail_as_is/ptd_as_is_fact_key"
"","ds_azure_sql_dw_strategicdev","denodo_vdp","dbo/t_f_xle_policy_transaction_detail_as_is/ptd_as_is_fact_key_parent","policy_asset/bv_sz_dw_xle_t_f_xle_policy_transaction_detail_as_is/ptd_as_is_fact_key_parent"
"","ds_azure_sql_dw_strategicdev","denodo_vdp","dbo/t_f_xle_policy_transaction_detail_as_is/ptd_fact_key","policy_asset/bv_sz_dw_xle_t_f_xle_policy_transaction_detail_as_is/ptd_fact_key"
"","ds_azure_sql_dw_strategicdev","denodo_vdp","dbo/t_f_xle_policy_transaction_detail_as_is/ptd_fact_key_orig","policy_asset/bv_sz_dw_xle_t_f_xle_policy_transaction_detail_as_is/ptd_fact_key_orig"
"","ds_azure_sql_dw_strategicdev","denodo_vdp","dbo/t_f_xle_policy_transaction_detail_as_is/ptd_trans_eur_amt","policy_asset/bv_sz_dw_xle_t_f_xle_policy_transaction_detail_as_is/ptd_trans_eur_amt"
"","ds_azure_sql_dw_strategicdev","denodo_vdp","dbo/t_f_xle_policy_transaction_detail_as_is/ptd_trans_usd_amt","policy_asset/bv_sz_dw_xle_t_f_xle_policy_transaction_detail_as_is/ptd_trans_usd_amt"
"","ds_azure_sql_dw_strategicdev","denodo_vdp","dbo/t_f_xle_policy_transaction_detail_as_is/ptd_funct_amt","policy_asset/bv_sz_dw_xle_t_f_xle_policy_transaction_detail_as_is/ptd_funct_amt"
"","ds_azure_sql_dw_strategicdev","denodo_vdp","dbo/t_f_xle_policy_transaction_detail_as_is/ptd_orig_amt","policy_asset/bv_sz_dw_xle_t_f_xle_policy_transaction_detail_as_is/ptd_orig_amt"
"","ds_azure_sql_dw_strategicdev","denodo_vdp","dbo/t_f_xle_policy_transaction_detail_as_is/ptd_trans_amt","policy_asset/bv_sz_dw_xle_t_f_xle_policy_transaction_detail_as_is/ptd_trans_amt"
"","ds_azure_sql_dw_strategicdev","denodo_vdp","dbo/t_f_xle_policy_transaction_detail_as_is/acctg_dt","policy_asset/bv_sz_dw_xle_t_f_xle_policy_transaction_detail_as_is/acctg_dt"
"","ds_azure_sql_dw_strategicdev","denodo_vdp","dbo/t_f_xle_policy_transaction_detail_as_is/acctg_from_dt","policy_asset/bv_sz_dw_xle_t_f_xle_policy_transaction_detail_as_is/acctg_from_dt"
"","ds_azure_sql_dw_strategicdev","denodo_vdp","dbo/t_f_xle_policy_transaction_detail_as_is/acctg_to_dt","policy_asset/bv_sz_dw_xle_t_f_xle_policy_transaction_detail_as_is/acctg_to_dt"
"","ds_azure_sql_dw_strategicdev","denodo_vdp","dbo/t_f_xle_policy_transaction_detail_as_is/acctg_pd_back_dated_ind","policy_asset/bv_sz_dw_xle_t_f_xle_policy_transaction_detail_as_is/acctg_pd_back_dated_ind"
"","ds_azure_sql_dw_strategicdev","denodo_vdp","dbo/t_f_xle_policy_transaction_detail_as_is/acctg_pd_future_dated_ind","policy_asset/bv_sz_dw_xle_t_f_xle_policy_transaction_detail_as_is/acctg_pd_future_dated_ind"
"","ds_azure_sql_dw_strategicdev","denodo_vdp","dbo/t_f_xle_policy_transaction_detail_as_is/chartf_uw_year","policy_asset/bv_sz_dw_xle_t_f_xle_policy_transaction_detail_as_is/chartf_uw_year"
"","ds_azure_sql_dw_strategicdev","denodo_vdp","dbo/t_f_xle_policy_transaction_detail_as_is/funct_curr_conv_dt","policy_asset/bv_sz_dw_xle_t_f_xle_policy_transaction_detail_as_is/funct_curr_conv_dt"
"","ds_azure_sql_dw_strategicdev","denodo_vdp","dbo/t_f_xle_policy_transaction_detail_as_is/payment_due_dt","policy_asset/bv_sz_dw_xle_t_f_xle_policy_transaction_detail_as_is/payment_due_dt"
"","ds_azure_sql_dw_strategicdev","denodo_vdp","dbo/t_f_xle_policy_transaction_detail_as_is/prem_instalm_due_dt","policy_asset/bv_sz_dw_xle_t_f_xle_policy_transaction_detail_as_is/prem_instalm_due_dt"
"","ds_azure_sql_dw_strategicdev","denodo_vdp","dbo/t_f_xle_policy_transaction_detail_as_is/settlement_dt","policy_asset/bv_sz_dw_xle_t_f_xle_policy_transaction_detail_as_is/settlement_dt"
"","ds_azure_sql_dw_strategicdev","denodo_vdp","dbo/t_f_xle_policy_transaction_detail_as_is/sign_multiplier","policy_asset/bv_sz_dw_xle_t_f_xle_policy_transaction_detail_as_is/sign_multiplier"
"","ds_azure_sql_dw_strategicdev","denodo_vdp","dbo/t_f_xle_policy_transaction_detail_as_is/trans_eff_dt","policy_asset/bv_sz_dw_xle_t_f_xle_policy_transaction_detail_as_is/trans_eff_dt"
"","ds_azure_sql_dw_strategicdev","denodo_vdp","dbo/t_f_xle_policy_transaction_detail_as_is/trans_entr_dt","policy_asset/bv_sz_dw_xle_t_f_xle_policy_transaction_detail_as_is/trans_entr_dt"
"","ds_azure_sql_dw_strategicdev","denodo_vdp","dbo/t_f_xle_policy_transaction_detail_as_is/trans_migrated_ind","policy_asset/bv_sz_dw_xle_t_f_xle_policy_transaction_detail_as_is/trans_migrated_ind"
"","ds_azure_sql_dw_strategicdev","denodo_vdp","dbo/t_f_xle_policy_transaction_detail_as_is/upr_eff_dt","policy_asset/bv_sz_dw_xle_t_f_xle_policy_transaction_detail_as_is/upr_eff_dt"
"","ds_azure_sql_dw_strategicdev","denodo_vdp","dbo/t_f_xle_policy_transaction_detail_as_is/upr_expr_dt","policy_asset/bv_sz_dw_xle_t_f_xle_policy_transaction_detail_as_is/upr_expr_dt"
"","ds_azure_sql_dw_strategicdev","denodo_vdp","dbo/t_f_xle_policy_transaction_detail_as_is/written_profile_dt","policy_asset/bv_sz_dw_xle_t_f_xle_policy_transaction_detail_as_is/written_profile_dt"
"","ds_azure_sql_dw_strategicdev","denodo_vdp","dbo/t_f_xle_policy_transaction_detail_as_is/acctg_pd_key","policy_asset/bv_sz_dw_xle_t_f_xle_policy_transaction_detail_as_is/acctg_pd_key"
"","ds_azure_sql_dw_strategicdev","denodo_vdp","dbo/t_f_xle_policy_transaction_detail_as_is/acctg_pd_key_actuarial_adjusted","policy_asset/bv_sz_dw_xle_t_f_xle_policy_transaction_detail_as_is/acctg_pd_key_actuarial_adjusted"
"","ds_azure_sql_dw_strategicdev","denodo_vdp","dbo/t_f_xle_policy_transaction_detail_as_is/acctg_pd_key_orig","policy_asset/bv_sz_dw_xle_t_f_xle_policy_transaction_detail_as_is/acctg_pd_key_orig"
"","ds_azure_sql_dw_strategicdev","denodo_vdp","dbo/t_f_xle_policy_transaction_detail_as_is/acctg_pd_key_from_source","policy_asset/bv_sz_dw_xle_t_f_xle_policy_transaction_detail_as_is/acctg_pd_key_from_source"
"","ds_azure_sql_dw_strategicdev","denodo_vdp","dbo/t_f_xle_policy_transaction_detail_as_is/acctg_pd_key_when_created","policy_asset/bv_sz_dw_xle_t_f_xle_policy_transaction_detail_as_is/acctg_pd_key_when_created"
"","ds_azure_sql_dw_strategicdev","denodo_vdp","dbo/t_f_xle_policy_transaction_detail_as_is/bu_chartf_affiliate_id","policy_asset/bv_sz_dw_xle_t_f_xle_policy_transaction_detail_as_is/bu_chartf_affiliate_id"
"","ds_azure_sql_dw_strategicdev","denodo_vdp","dbo/t_f_xle_policy_transaction_detail_as_is/bu_chartf_affiliate_key","policy_asset/bv_sz_dw_xle_t_f_xle_policy_transaction_detail_as_is/bu_chartf_affiliate_key"
"","ds_azure_sql_dw_strategicdev","denodo_vdp","dbo/t_f_xle_policy_transaction_detail_as_is/cmpl_id","policy_asset/bv_sz_dw_xle_t_f_xle_policy_transaction_detail_as_is/cmpl_id"
"","ds_azure_sql_dw_strategicdev","denodo_vdp","dbo/t_f_xle_policy_transaction_detail_as_is/cmpl_key","policy_asset/bv_sz_dw_xle_t_f_xle_policy_transaction_detail_as_is/cmpl_key"
"","ds_azure_sql_dw_strategicdev","denodo_vdp","dbo/t_f_xle_policy_transaction_detail_as_is/curr_orig_id","policy_asset/bv_sz_dw_xle_t_f_xle_policy_transaction_detail_as_is/curr_orig_id"
"","ds_azure_sql_dw_strategicdev","denodo_vdp","dbo/t_f_xle_policy_transaction_detail_as_is/curr_orig_key","policy_asset/bv_sz_dw_xle_t_f_xle_policy_transaction_detail_as_is/curr_orig_key"
"","ds_azure_sql_dw_strategicdev","denodo_vdp","dbo/t_f_xle_policy_transaction_detail_as_is/curr_trans_id","policy_asset/bv_sz_dw_xle_t_f_xle_policy_transaction_detail_as_is/curr_trans_id"
"","ds_azure_sql_dw_strategicdev","denodo_vdp","dbo/t_f_xle_policy_transaction_detail_as_is/curr_trans_key","policy_asset/bv_sz_dw_xle_t_f_xle_policy_transaction_detail_as_is/curr_trans_key"
"","ds_azure_sql_dw_strategicdev","denodo_vdp","dbo/t_f_xle_policy_transaction_detail_as_is/cvrg_id","policy_asset/bv_sz_dw_xle_t_f_xle_policy_transaction_detail_as_is/cvrg_id"
"","ds_azure_sql_dw_strategicdev","denodo_vdp","dbo/t_f_xle_policy_transaction_detail_as_is/cvrg_key","policy_asset/bv_sz_dw_xle_t_f_xle_policy_transaction_detail_as_is/cvrg_key"
"","ds_azure_sql_dw_strategicdev","denodo_vdp","dbo/t_f_xle_policy_transaction_detail_as_is/insd_loc_id","policy_asset/bv_sz_dw_xle_t_f_xle_policy_transaction_detail_as_is/insd_loc_id"
"","ds_azure_sql_dw_strategicdev","denodo_vdp","dbo/t_f_xle_policy_transaction_detail_as_is/insd_loc_key","policy_asset/bv_sz_dw_xle_t_f_xle_policy_transaction_detail_as_is/insd_loc_key"
"","ds_azure_sql_dw_strategicdev","denodo_vdp","dbo/t_f_xle_policy_transaction_detail_as_is/iso_class_id","policy_asset/bv_sz_dw_xle_t_f_xle_policy_transaction_detail_as_is/iso_class_id"
"","ds_azure_sql_dw_strategicdev","denodo_vdp","dbo/t_f_xle_policy_transaction_detail_as_is/iso_class_key","policy_asset/bv_sz_dw_xle_t_f_xle_policy_transaction_detail_as_is/iso_class_key"
"","ds_azure_sql_dw_strategicdev","denodo_vdp","dbo/t_f_xle_policy_transaction_detail_as_is/iso_sub_lob_id","policy_asset/bv_sz_dw_xle_t_f_xle_policy_transaction_detail_as_is/iso_sub_lob_id"
"","ds_azure_sql_dw_strategicdev","denodo_vdp","dbo/t_f_xle_policy_transaction_detail_as_is/iso_sub_lob_key","policy_asset/bv_sz_dw_xle_t_f_xle_policy_transaction_detail_as_is/iso_sub_lob_key"
"","ds_azure_sql_dw_strategicdev","denodo_vdp","dbo/t_f_xle_policy_transaction_detail_as_is/kentucky_class_id","policy_asset/bv_sz_dw_xle_t_f_xle_policy_transaction_detail_as_is/kentucky_class_id"
"","ds_azure_sql_dw_strategicdev","denodo_vdp","dbo/t_f_xle_policy_transaction_detail_as_is/kentucky_class_key","policy_asset/bv_sz_dw_xle_t_f_xle_policy_transaction_detail_as_is/kentucky_class_key"
"","ds_azure_sql_dw_strategicdev","denodo_vdp","dbo/t_f_xle_policy_transaction_detail_as_is/l_acctg_pd","policy_asset/bv_sz_dw_xle_t_f_xle_policy_transaction_detail_as_is/l_acctg_pd"
"","ds_azure_sql_dw_strategicdev","denodo_vdp","dbo/t_f_xle_policy_transaction_detail_as_is/l_cvrg_id","policy_asset/bv_sz_dw_xle_t_f_xle_policy_transaction_detail_as_is/l_cvrg_id"
"","ds_azure_sql_dw_strategicdev","denodo_vdp","dbo/t_f_xle_policy_transaction_detail_as_is/l_cvrg_key","policy_asset/bv_sz_dw_xle_t_f_xle_policy_transaction_detail_as_is/l_cvrg_key"
"","ds_azure_sql_dw_strategicdev","denodo_vdp","dbo/t_f_xle_policy_transaction_detail_as_is/l_plcy_id","policy_asset/bv_sz_dw_xle_t_f_xle_policy_transaction_detail_as_is/l_plcy_id"
"","ds_azure_sql_dw_strategicdev","denodo_vdp","dbo/t_f_xle_policy_transaction_detail_as_is/l_plcy_key","policy_asset/bv_sz_dw_xle_t_f_xle_policy_transaction_detail_as_is/l_plcy_key"
"","ds_azure_sql_dw_strategicdev","denodo_vdp","dbo/t_f_xle_policy_transaction_detail_as_is/lloyds_clas_cd_id","policy_asset/bv_sz_dw_xle_t_f_xle_policy_transaction_detail_as_is/lloyds_clas_cd_id"
"","ds_azure_sql_dw_strategicdev","denodo_vdp","dbo/t_f_xle_policy_transaction_detail_as_is/lloyds_clas_cd_key","policy_asset/bv_sz_dw_xle_t_f_xle_policy_transaction_detail_as_is/lloyds_clas_cd_key"
"","ds_azure_sql_dw_strategicdev","denodo_vdp","dbo/t_f_xle_policy_transaction_detail_as_is/lloyds_risk_id","policy_asset/bv_sz_dw_xle_t_f_xle_policy_transaction_detail_as_is/lloyds_risk_id"
"","ds_azure_sql_dw_strategicdev","denodo_vdp","dbo/t_f_xle_policy_transaction_detail_as_is/lloyds_risk_key","policy_asset/bv_sz_dw_xle_t_f_xle_policy_transaction_detail_as_is/lloyds_risk_key"
"","ds_azure_sql_dw_strategicdev","denodo_vdp","dbo/t_f_xle_policy_transaction_detail_as_is/mpl_id","policy_asset/bv_sz_dw_xle_t_f_xle_policy_transaction_detail_as_is/mpl_id"
"","ds_azure_sql_dw_strategicdev","denodo_vdp","dbo/t_f_xle_policy_transaction_detail_as_is/mpl_key","policy_asset/bv_sz_dw_xle_t_f_xle_policy_transaction_detail_as_is/mpl_key"
"","ds_azure_sql_dw_strategicdev","denodo_vdp","dbo/t_f_xle_policy_transaction_detail_as_is/muni_loc_id","policy_asset/bv_sz_dw_xle_t_f_xle_policy_transaction_detail_as_is/muni_loc_id"
"","ds_azure_sql_dw_strategicdev","denodo_vdp","dbo/t_f_xle_policy_transaction_detail_as_is/muni_loc_key","policy_asset/bv_sz_dw_xle_t_f_xle_policy_transaction_detail_as_is/muni_loc_key"
"","ds_azure_sql_dw_strategicdev","denodo_vdp","dbo/t_f_xle_policy_transaction_detail_as_is/obu_id","policy_asset/bv_sz_dw_xle_t_f_xle_policy_transaction_detail_as_is/obu_id"
"","ds_azure_sql_dw_strategicdev","denodo_vdp","dbo/t_f_xle_policy_transaction_detail_as_is/obu_key","policy_asset/bv_sz_dw_xle_t_f_xle_policy_transaction_detail_as_is/obu_key"
"","ds_azure_sql_dw_strategicdev","denodo_vdp","dbo/t_f_xle_policy_transaction_detail_as_is/org_gsr_id","policy_asset/bv_sz_dw_xle_t_f_xle_policy_transaction_detail_as_is/org_gsr_id"
"","ds_azure_sql_dw_strategicdev","denodo_vdp","dbo/t_f_xle_policy_transaction_detail_as_is/org_gsr_key","policy_asset/bv_sz_dw_xle_t_f_xle_policy_transaction_detail_as_is/org_gsr_key"
"","ds_azure_sql_dw_strategicdev","denodo_vdp","dbo/t_f_xle_policy_transaction_detail_as_is/org_ind_id","policy_asset/bv_sz_dw_xle_t_f_xle_policy_transaction_detail_as_is/org_ind_id"
"","ds_azure_sql_dw_strategicdev","denodo_vdp","dbo/t_f_xle_policy_transaction_detail_as_is/org_ind_key","policy_asset/bv_sz_dw_xle_t_f_xle_policy_transaction_detail_as_is/org_ind_key"
"","ds_azure_sql_dw_strategicdev","denodo_vdp","dbo/t_f_xle_policy_transaction_detail_as_is/org_le_id","policy_asset/bv_sz_dw_xle_t_f_xle_policy_transaction_detail_as_is/org_le_id"
"","ds_azure_sql_dw_strategicdev","denodo_vdp","dbo/t_f_xle_policy_transaction_detail_as_is/org_le_key","policy_asset/bv_sz_dw_xle_t_f_xle_policy_transaction_detail_as_is/org_le_key"
"","ds_azure_sql_dw_strategicdev","denodo_vdp","dbo/t_f_xle_policy_transaction_detail_as_is/org_le_intercompany_id","policy_asset/bv_sz_dw_xle_t_f_xle_policy_transaction_detail_as_is/org_le_intercompany_id"
"","ds_azure_sql_dw_strategicdev","denodo_vdp","dbo/t_f_xle_policy_transaction_detail_as_is/org_le_intercompany_key","policy_asset/bv_sz_dw_xle_t_f_xle_policy_transaction_detail_as_is/org_le_intercompany_key"
"","ds_azure_sql_dw_strategicdev","denodo_vdp","dbo/t_f_xle_policy_transaction_detail_as_is/org_lob_id","policy_asset/bv_sz_dw_xle_t_f_xle_policy_transaction_detail_as_is/org_lob_id"
"","ds_azure_sql_dw_strategicdev","denodo_vdp","dbo/t_f_xle_policy_transaction_detail_as_is/org_lob_key","policy_asset/bv_sz_dw_xle_t_f_xle_policy_transaction_detail_as_is/org_lob_key"
"","ds_azure_sql_dw_strategicdev","denodo_vdp","dbo/t_f_xle_policy_transaction_detail_as_is/org_por_id","policy_asset/bv_sz_dw_xle_t_f_xle_policy_transaction_detail_as_is/org_por_id"
"","ds_azure_sql_dw_strategicdev","denodo_vdp","dbo/t_f_xle_policy_transaction_detail_as_is/org_por_key","policy_asset/bv_sz_dw_xle_t_f_xle_policy_transaction_detail_as_is/org_por_key"
"","ds_azure_sql_dw_strategicdev","denodo_vdp","dbo/t_f_xle_policy_transaction_detail_as_is/org_uw_id","policy_asset/bv_sz_dw_xle_t_f_xle_policy_transaction_detail_as_is/org_uw_id"
"","ds_azure_sql_dw_strategicdev","denodo_vdp","dbo/t_f_xle_policy_transaction_detail_as_is/org_uw_key","policy_asset/bv_sz_dw_xle_t_f_xle_policy_transaction_detail_as_is/org_uw_key"
"","ds_azure_sql_dw_strategicdev","denodo_vdp","dbo/t_f_xle_policy_transaction_detail_as_is/party_broker_id","policy_asset/bv_sz_dw_xle_t_f_xle_policy_transaction_detail_as_is/party_broker_id"
"","ds_azure_sql_dw_strategicdev","denodo_vdp","dbo/t_f_xle_policy_transaction_detail_as_is/party_broker_key","policy_asset/bv_sz_dw_xle_t_f_xle_policy_transaction_detail_as_is/party_broker_key"
"","ds_azure_sql_dw_strategicdev","denodo_vdp","dbo/t_f_xle_policy_transaction_detail_as_is/party_insured_id","policy_asset/bv_sz_dw_xle_t_f_xle_policy_transaction_detail_as_is/party_insured_id"
"","ds_azure_sql_dw_strategicdev","denodo_vdp","dbo/t_f_xle_policy_transaction_detail_as_is/party_insured_key","policy_asset/bv_sz_dw_xle_t_f_xle_policy_transaction_detail_as_is/party_insured_key"
"","ds_azure_sql_dw_strategicdev","denodo_vdp","dbo/t_f_xle_policy_transaction_detail_as_is/party_insurer_id","policy_asset/bv_sz_dw_xle_t_f_xle_policy_transaction_detail_as_is/party_insurer_id"
"","ds_azure_sql_dw_strategicdev","denodo_vdp","dbo/t_f_xle_policy_transaction_detail_as_is/party_insurer_key","policy_asset/bv_sz_dw_xle_t_f_xle_policy_transaction_detail_as_is/party_insurer_key"
"","ds_azure_sql_dw_strategicdev","denodo_vdp","dbo/t_f_xle_policy_transaction_detail_as_is/plcy_id","policy_asset/bv_sz_dw_xle_t_f_xle_policy_transaction_detail_as_is/plcy_id"
"","ds_azure_sql_dw_strategicdev","denodo_vdp","dbo/t_f_xle_policy_transaction_detail_as_is/plcy_key","policy_asset/bv_sz_dw_xle_t_f_xle_policy_transaction_detail_as_is/plcy_key"
"","ds_azure_sql_dw_strategicdev","denodo_vdp","dbo/t_f_xle_policy_transaction_detail_as_is/plcy_cvrg_grp_id","policy_asset/bv_sz_dw_xle_t_f_xle_policy_transaction_detail_as_is/plcy_cvrg_grp_id"
"","ds_azure_sql_dw_strategicdev","denodo_vdp","dbo/t_f_xle_policy_transaction_detail_as_is/plcy_cvrg_grp_key","policy_asset/bv_sz_dw_xle_t_f_xle_policy_transaction_detail_as_is/plcy_cvrg_grp_key"
"","ds_azure_sql_dw_strategicdev","denodo_vdp","dbo/t_f_xle_policy_transaction_detail_as_is/plcy_cvrg_nbr","policy_asset/bv_sz_dw_xle_t_f_xle_policy_transaction_detail_as_is/plcy_cvrg_nbr"
"","ds_azure_sql_dw_strategicdev","denodo_vdp","dbo/t_f_xle_policy_transaction_detail_as_is/plcy_cvrg_nbr_id","policy_asset/bv_sz_dw_xle_t_f_xle_policy_transaction_detail_as_is/plcy_cvrg_nbr_id"
"","ds_azure_sql_dw_strategicdev","denodo_vdp","dbo/t_f_xle_policy_transaction_detail_as_is/plcy_cvrg_nbr_key","policy_asset/bv_sz_dw_xle_t_f_xle_policy_transaction_detail_as_is/plcy_cvrg_nbr_key"
"","ds_azure_sql_dw_strategicdev","denodo_vdp","dbo/t_f_xle_policy_transaction_detail_as_is/plcy_endr_id","policy_asset/bv_sz_dw_xle_t_f_xle_policy_transaction_detail_as_is/plcy_endr_id"
"","ds_azure_sql_dw_strategicdev","denodo_vdp","dbo/t_f_xle_policy_transaction_detail_as_is/plcy_endr_key","policy_asset/bv_sz_dw_xle_t_f_xle_policy_transaction_detail_as_is/plcy_endr_key"
"","ds_azure_sql_dw_strategicdev","denodo_vdp","dbo/t_f_xle_policy_transaction_detail_as_is/product_id","policy_asset/bv_sz_dw_xle_t_f_xle_policy_transaction_detail_as_is/product_id"
"","ds_azure_sql_dw_strategicdev","denodo_vdp","dbo/t_f_xle_policy_transaction_detail_as_is/product_key","policy_asset/bv_sz_dw_xle_t_f_xle_policy_transaction_detail_as_is/product_key"
"","ds_azure_sql_dw_strategicdev","denodo_vdp","dbo/t_f_xle_policy_transaction_detail_as_is/prog_id","policy_asset/bv_sz_dw_xle_t_f_xle_policy_transaction_detail_as_is/prog_id"
"","ds_azure_sql_dw_strategicdev","denodo_vdp","dbo/t_f_xle_policy_transaction_detail_as_is/prog_key","policy_asset/bv_sz_dw_xle_t_f_xle_policy_transaction_detail_as_is/prog_key"
"","ds_azure_sql_dw_strategicdev","denodo_vdp","dbo/t_f_xle_policy_transaction_detail_as_is/ptd_facth_key","policy_asset/bv_sz_dw_xle_t_f_xle_policy_transaction_detail_as_is/ptd_facth_key"
"","ds_azure_sql_dw_strategicdev","denodo_vdp","dbo/t_f_xle_policy_transaction_detail_as_is/risk_loc_id","policy_asset/bv_sz_dw_xle_t_f_xle_policy_transaction_detail_as_is/risk_loc_id"
"","ds_azure_sql_dw_strategicdev","denodo_vdp","dbo/t_f_xle_policy_transaction_detail_as_is/risk_loc_key","policy_asset/bv_sz_dw_xle_t_f_xle_policy_transaction_detail_as_is/risk_loc_key"
"","ds_azure_sql_dw_strategicdev","denodo_vdp","dbo/t_f_xle_policy_transaction_detail_as_is/rpl_id","policy_asset/bv_sz_dw_xle_t_f_xle_policy_transaction_detail_as_is/rpl_id"
"","ds_azure_sql_dw_strategicdev","denodo_vdp","dbo/t_f_xle_policy_transaction_detail_as_is/rpl_key","policy_asset/bv_sz_dw_xle_t_f_xle_policy_transaction_detail_as_is/rpl_key"
"","ds_azure_sql_dw_strategicdev","denodo_vdp","dbo/t_f_xle_policy_transaction_detail_as_is/s2_prod_line_id","policy_asset/bv_sz_dw_xle_t_f_xle_policy_transaction_detail_as_is/s2_prod_line_id"
"","ds_azure_sql_dw_strategicdev","denodo_vdp","dbo/t_f_xle_policy_transaction_detail_as_is/s2_prod_line_key","policy_asset/bv_sz_dw_xle_t_f_xle_policy_transaction_detail_as_is/s2_prod_line_key"
"","ds_azure_sql_dw_strategicdev","denodo_vdp","dbo/t_f_xle_policy_transaction_detail_as_is/src_sys_key","policy_asset/bv_sz_dw_xle_t_f_xle_policy_transaction_detail_as_is/src_sys_key"
"","ds_azure_sql_dw_strategicdev","denodo_vdp","dbo/t_f_xle_policy_transaction_detail_as_is/ssr_bus_id","policy_asset/bv_sz_dw_xle_t_f_xle_policy_transaction_detail_as_is/ssr_bus_id"
"","ds_azure_sql_dw_strategicdev","denodo_vdp","dbo/t_f_xle_policy_transaction_detail_as_is/ssr_bus_key","policy_asset/bv_sz_dw_xle_t_f_xle_policy_transaction_detail_as_is/ssr_bus_key"
"","ds_azure_sql_dw_strategicdev","denodo_vdp","dbo/t_f_xle_policy_transaction_detail_as_is/trans_bus_type_key","policy_asset/bv_sz_dw_xle_t_f_xle_policy_transaction_detail_as_is/trans_bus_type_key"
"","ds_azure_sql_dw_strategicdev","denodo_vdp","dbo/t_f_xle_policy_transaction_detail_as_is/trans_ent_type_key","policy_asset/bv_sz_dw_xle_t_f_xle_policy_transaction_detail_as_is/trans_ent_type_key"
"","ds_azure_sql_dw_strategicdev","denodo_vdp","dbo/t_f_xle_policy_transaction_detail_as_is/trans_fin_type_id","policy_asset/bv_sz_dw_xle_t_f_xle_policy_transaction_detail_as_is/trans_fin_type_id"
"","ds_azure_sql_dw_strategicdev","denodo_vdp","dbo/t_f_xle_policy_transaction_detail_as_is/trans_fin_type_key","policy_asset/bv_sz_dw_xle_t_f_xle_policy_transaction_detail_as_is/trans_fin_type_key"
"","ds_azure_sql_dw_strategicdev","denodo_vdp","dbo/t_f_xle_policy_transaction_detail_as_is/trans_jrnl_type_key","policy_asset/bv_sz_dw_xle_t_f_xle_policy_transaction_detail_as_is/trans_jrnl_type_key"
"","ds_azure_sql_dw_strategicdev","denodo_vdp","dbo/t_f_xle_policy_transaction_detail_as_is/trans_origin_type_key","policy_asset/bv_sz_dw_xle_t_f_xle_policy_transaction_detail_as_is/trans_origin_type_key"
"","ds_azure_sql_dw_strategicdev","denodo_vdp","dbo/t_f_xle_policy_transaction_detail_as_is/ptd_facth_sz_key","policy_asset/bv_sz_dw_xle_t_f_xle_policy_transaction_detail_as_is/ptd_facth_sz_key"
"","ds_azure_sql_dw_strategicdev","denodo_vdp","dbo/t_f_xle_policy_transaction_detail_as_is/aircraft_type_id","policy_asset/bv_sz_dw_xle_t_f_xle_policy_transaction_detail_as_is/aircraft_type_id"
"","ds_azure_sql_dw_strategicdev","denodo_vdp","dbo/t_f_xle_policy_transaction_detail_as_is/aircraft_type_key","policy_asset/bv_sz_dw_xle_t_f_xle_policy_transaction_detail_as_is/aircraft_type_key"
"","ds_azure_sql_dw_strategicdev","denodo_vdp","dbo/t_f_xle_policy_transaction_detail_as_is/curr_funct_id","policy_asset/bv_sz_dw_xle_t_f_xle_policy_transaction_detail_as_is/curr_funct_id"
"","ds_azure_sql_dw_strategicdev","denodo_vdp","dbo/t_f_xle_policy_transaction_detail_as_is/curr_funct_key","policy_asset/bv_sz_dw_xle_t_f_xle_policy_transaction_detail_as_is/curr_funct_key"
"","ds_azure_sql_dw_strategicdev","denodo_vdp","dbo/t_f_xle_policy_transaction_detail_as_is/org_bus_class_id","policy_asset/bv_sz_dw_xle_t_f_xle_policy_transaction_detail_as_is/org_bus_class_id"
"","ds_azure_sql_dw_strategicdev","denodo_vdp","dbo/t_f_xle_policy_transaction_detail_as_is/org_bus_class_key","policy_asset/bv_sz_dw_xle_t_f_xle_policy_transaction_detail_as_is/org_bus_class_key"
"","ds_azure_sql_dw_strategicdev","denodo_vdp","dbo/t_f_xle_policy_transaction_detail_as_is/org_bus_subclass_id","policy_asset/bv_sz_dw_xle_t_f_xle_policy_transaction_detail_as_is/org_bus_subclass_id"
"","ds_azure_sql_dw_strategicdev","denodo_vdp","dbo/t_f_xle_policy_transaction_detail_as_is/org_bus_subclass_key","policy_asset/bv_sz_dw_xle_t_f_xle_policy_transaction_detail_as_is/org_bus_subclass_key"
"","ds_azure_sql_dw_strategicdev","denodo_vdp","dbo/t_f_xle_policy_transaction_detail_as_is/risk_assmt_questn_id","policy_asset/bv_sz_dw_xle_t_f_xle_policy_transaction_detail_as_is/risk_assmt_questn_id"
"","ds_azure_sql_dw_strategicdev","denodo_vdp","dbo/t_f_xle_policy_transaction_detail_as_is/risk_assmt_questn_key","policy_asset/bv_sz_dw_xle_t_f_xle_policy_transaction_detail_as_is/risk_assmt_questn_key"
"","ds_azure_sql_dw_strategicdev","denodo_vdp","dbo/t_f_xle_policy_transaction_detail_as_is/risk_cvrg_dtl_id","policy_asset/bv_sz_dw_xle_t_f_xle_policy_transaction_detail_as_is/risk_cvrg_dtl_id"
"","ds_azure_sql_dw_strategicdev","denodo_vdp","dbo/t_f_xle_policy_transaction_detail_as_is/risk_cvrg_dtl_key","policy_asset/bv_sz_dw_xle_t_f_xle_policy_transaction_detail_as_is/risk_cvrg_dtl_key"
"","ds_azure_sql_dw_strategicdev","denodo_vdp","dbo/t_f_xle_policy_transaction_detail_as_is/ptd_src_trans_id","policy_asset/bv_sz_dw_xle_t_f_xle_policy_transaction_detail_as_is/ptd_src_trans_id"
"","ds_azure_sql_dw_strategicdev","denodo_vdp","dbo/t_f_xle_policy_transaction_detail_as_is/dw_batch_id","policy_asset/bv_sz_dw_xle_t_f_xle_policy_transaction_detail_as_is/dw_batch_id"
"","ds_azure_sql_dw_strategicdev","denodo_vdp","dbo/t_f_xle_policy_transaction_detail_as_is/dw_create_dt","policy_asset/bv_sz_dw_xle_t_f_xle_policy_transaction_detail_as_is/dw_create_dt"
"","ds_azure_sql_dw_strategicdev","denodo_vdp","dbo/t_f_xle_policy_transaction_detail_as_is/dw_last_update_dt","policy_asset/bv_sz_dw_xle_t_f_xle_policy_transaction_detail_as_is/dw_last_update_dt"
"","ds_azure_sql_dw_strategicdev","denodo_vdp","dbo/t_f_xle_policy_transaction_detail_as_is/dw_row_end_dt","policy_asset/bv_sz_dw_xle_t_f_xle_policy_transaction_detail_as_is/dw_row_end_dt"
"","ds_azure_sql_dw_strategicdev","denodo_vdp","dbo/t_f_xle_policy_transaction_detail_as_is/src_sys_id","policy_asset/bv_sz_dw_xle_t_f_xle_policy_transaction_detail_as_is/src_sys_id"
"","ds_azure_sql_dw_strategicdev","denodo_vdp","dbo/t_f_xle_policy_transaction_detail_as_is/dw_row_active_ind","policy_asset/bv_sz_dw_xle_t_f_xle_policy_transaction_detail_as_is/dw_row_active_ind"
"","ds_azure_sql_dw_strategicdev","denodo_vdp","dbo/t_ff_xle_snapshot_policy/plcy_id","policy_asset/bv_sz_dw_xle_t_ff_xle_snapshot_policy/plcy_id"
"","ds_azure_sql_dw_strategicdev","denodo_vdp","dbo/t_ff_xle_snapshot_policy/l_plcy_id","policy_asset/bv_sz_dw_xle_t_ff_xle_snapshot_policy/l_plcy_id"
"","ds_azure_sql_dw_strategicdev","denodo_vdp","dbo/t_ff_xle_snapshot_policy/plcy_nbr","policy_asset/bv_sz_dw_xle_t_ff_xle_snapshot_policy/plcy_nbr"
"","ds_azure_sql_dw_strategicdev","denodo_vdp","dbo/t_ff_xle_snapshot_policy/plcy_eff_dt","policy_asset/bv_sz_dw_xle_t_ff_xle_snapshot_policy/plcy_eff_dt"
"","ds_azure_sql_dw_strategicdev","denodo_vdp","dbo/t_ff_xle_snapshot_policy/plcy_expr_dt","policy_asset/bv_sz_dw_xle_t_ff_xle_snapshot_policy/plcy_expr_dt"
"","ds_azure_sql_dw_strategicdev","denodo_vdp","dbo/t_ff_xle_snapshot_policy/plcy_uw_status_cd","policy_asset/bv_sz_dw_xle_t_ff_xle_snapshot_policy/plcy_uw_status_cd"
"","ds_azure_sql_dw_strategicdev","denodo_vdp","dbo/t_ff_xle_snapshot_policy/plcy_uw_status_descr","policy_asset/bv_sz_dw_xle_t_ff_xle_snapshot_policy/plcy_uw_status_descr"
"","ds_azure_sql_dw_strategicdev","denodo_vdp","dbo/t_ff_xle_snapshot_policy/plcy_uw_status_dt","policy_asset/bv_sz_dw_xle_t_ff_xle_snapshot_policy/plcy_uw_status_dt"
"","ds_azure_sql_dw_strategicdev","denodo_vdp","dbo/t_ff_xle_snapshot_policy/plcy_s2_status_cd","policy_asset/bv_sz_dw_xle_t_ff_xle_snapshot_policy/plcy_s2_status_cd"
"","ds_azure_sql_dw_strategicdev","denodo_vdp","dbo/t_ff_xle_snapshot_policy/plcy_s2_status_descr","policy_asset/bv_sz_dw_xle_t_ff_xle_snapshot_policy/plcy_s2_status_descr"
"","ds_azure_sql_dw_strategicdev","denodo_vdp","dbo/t_ff_xle_snapshot_policy/plcy_s2_status_dt","policy_asset/bv_sz_dw_xle_t_ff_xle_snapshot_policy/plcy_s2_status_dt"
"","ds_azure_sql_dw_strategicdev","denodo_vdp","dbo/t_ff_xle_snapshot_policy/plcy_cancelled_dt","policy_asset/bv_sz_dw_xle_t_ff_xle_snapshot_policy/plcy_cancelled_dt"
"","ds_azure_sql_dw_strategicdev","denodo_vdp","dbo/t_ff_xle_snapshot_policy/plcy_expired_dt","policy_asset/bv_sz_dw_xle_t_ff_xle_snapshot_policy/plcy_expired_dt"
"","ds_azure_sql_dw_strategicdev","denodo_vdp","dbo/t_ff_xle_snapshot_policy/plcy_written_dt","policy_asset/bv_sz_dw_xle_t_ff_xle_snapshot_policy/plcy_written_dt"
"","ds_azure_sql_dw_strategicdev","denodo_vdp","dbo/t_ff_xle_snapshot_policy/plcy_renewed_dt","policy_asset/bv_sz_dw_xle_t_ff_xle_snapshot_policy/plcy_renewed_dt"
"","ds_azure_sql_dw_strategicdev","denodo_vdp","dbo/t_ff_xle_snapshot_policy/insd_loc_id","policy_asset/bv_sz_dw_xle_t_ff_xle_snapshot_policy/insd_loc_id"
"","ds_azure_sql_dw_strategicdev","denodo_vdp","dbo/t_ff_xle_snapshot_policy/lloyds_risk_id","policy_asset/bv_sz_dw_xle_t_ff_xle_snapshot_policy/lloyds_risk_id"
"","ds_azure_sql_dw_strategicdev","denodo_vdp","dbo/t_ff_xle_snapshot_policy/org_gsr_id","policy_asset/bv_sz_dw_xle_t_ff_xle_snapshot_policy/org_gsr_id"
"","ds_azure_sql_dw_strategicdev","denodo_vdp","dbo/t_ff_xle_snapshot_policy/org_ind_id","policy_asset/bv_sz_dw_xle_t_ff_xle_snapshot_policy/org_ind_id"
"","ds_azure_sql_dw_strategicdev","denodo_vdp","dbo/t_ff_xle_snapshot_policy/org_ind_id_agreement","policy_asset/bv_sz_dw_xle_t_ff_xle_snapshot_policy/org_ind_id_agreement"
"","ds_azure_sql_dw_strategicdev","denodo_vdp","dbo/t_ff_xle_snapshot_policy/org_le_id","policy_asset/bv_sz_dw_xle_t_ff_xle_snapshot_policy/org_le_id"
"","ds_azure_sql_dw_strategicdev","denodo_vdp","dbo/t_ff_xle_snapshot_policy/org_por_id","policy_asset/bv_sz_dw_xle_t_ff_xle_snapshot_policy/org_por_id"
"","ds_azure_sql_dw_strategicdev","denodo_vdp","dbo/t_ff_xle_snapshot_policy/party_broker_id","policy_asset/bv_sz_dw_xle_t_ff_xle_snapshot_policy/party_broker_id"
"","ds_azure_sql_dw_strategicdev","denodo_vdp","dbo/t_ff_xle_snapshot_policy/party_insured_id","policy_asset/bv_sz_dw_xle_t_ff_xle_snapshot_policy/party_insured_id"
"","ds_azure_sql_dw_strategicdev","denodo_vdp","dbo/t_ff_xle_snapshot_policy/party_insurer_id","policy_asset/bv_sz_dw_xle_t_ff_xle_snapshot_policy/party_insurer_id"
"","ds_azure_sql_dw_strategicdev","denodo_vdp","dbo/t_ff_xle_snapshot_policy/party_underwriter_id","policy_asset/bv_sz_dw_xle_t_ff_xle_snapshot_policy/party_underwriter_id"
"","ds_azure_sql_dw_strategicdev","denodo_vdp","dbo/t_ff_xle_snapshot_policy/product_id","policy_asset/bv_sz_dw_xle_t_ff_xle_snapshot_policy/product_id"
"","ds_azure_sql_dw_strategicdev","denodo_vdp","dbo/t_ff_xle_snapshot_policy/prog_id","policy_asset/bv_sz_dw_xle_t_ff_xle_snapshot_policy/prog_id"
"","ds_azure_sql_dw_strategicdev","denodo_vdp","dbo/t_ff_xle_snapshot_policy/uw_ctry_loc_id","policy_asset/bv_sz_dw_xle_t_ff_xle_snapshot_policy/uw_ctry_loc_id"
"","ds_azure_sql_dw_strategicdev","denodo_vdp","dbo/t_ff_xle_snapshot_policy/plcy_gwp_trans_usd_amt","policy_asset/bv_sz_dw_xle_t_ff_xle_snapshot_policy/plcy_gwp_trans_usd_amt"
"","ds_azure_sql_dw_strategicdev","denodo_vdp","dbo/t_ff_xle_snapshot_policy/org_ind_id_insured_industry_grp_parent","policy_asset/bv_sz_dw_xle_t_ff_xle_snapshot_policy/org_ind_id_insured_industry_grp_parent"
"","ds_azure_sql_dw_strategicdev","denodo_vdp","dbo/t_ff_xle_snapshot_policy/plcy_xl_risk_ind","policy_asset/bv_sz_dw_xle_t_ff_xle_snapshot_policy/plcy_xl_risk_ind"
"","ds_azure_sql_dw_strategicdev","denodo_vdp","dbo/t_ff_xle_snapshot_policy/dw_batch_id","policy_asset/bv_sz_dw_xle_t_ff_xle_snapshot_policy/dw_batch_id"
"","ds_azure_sql_dw_strategicdev","denodo_vdp","dbo/t_ff_xle_snapshot_policy/dw_create_dt","policy_asset/bv_sz_dw_xle_t_ff_xle_snapshot_policy/dw_create_dt"
"","ds_azure_sql_dw_strategicdev","denodo_vdp","dbo/t_ff_xle_snapshot_policy/dw_last_update_dt","policy_asset/bv_sz_dw_xle_t_ff_xle_snapshot_policy/dw_last_update_dt"
"","ds_azure_sql_dw_strategicdev","denodo_vdp","dbo/t_ff_xle_snapshot_policy/dw_row_update_cnt","policy_asset/bv_sz_dw_xle_t_ff_xle_snapshot_policy/dw_row_update_cnt"
"","ds_azure_sql_dw_strategicdev","denodo_vdp","dbo/t_ff_xle_snapshot_policy/plcy_gwp_trans_eur_amt","policy_asset/bv_sz_dw_xle_t_ff_xle_snapshot_policy/plcy_gwp_trans_eur_amt"
"","ds_azure_sql_dw_strategicdev","denodo_vdp","dbo/t_ff_xle_snapshot_policy/plcy_deleted_ind","policy_asset/bv_sz_dw_xle_t_ff_xle_snapshot_policy/plcy_deleted_ind"
"","ds_azure_sql_dw_strategicdev","denodo_vdp","dbo/t_ff_xle_snapshot_policy/plcy_new_rnwl_ind","policy_asset/bv_sz_dw_xle_t_ff_xle_snapshot_policy/plcy_new_rnwl_ind"
"","ds_azure_sql_dw_strategicdev","denodo_vdp","dbo/t_ff_xle_snapshot_policy/plcy_new_rnwl_ind_descr","policy_asset/bv_sz_dw_xle_t_ff_xle_snapshot_policy/plcy_new_rnwl_ind_descr"
"","ds_azure_sql_dw_strategicdev","denodo_vdp","dbo/t_ff_xle_snapshot_policy/plcy_uw_year","policy_asset/bv_sz_dw_xle_t_ff_xle_snapshot_policy/plcy_uw_year"
"","ds_azure_sql_dw_strategicdev","denodo_vdp","dbo/t_ff_xle_snapshot_policy/party_underwriter_id_lead","policy_asset/bv_sz_dw_xle_t_ff_xle_snapshot_policy/party_underwriter_id_lead"
"","ds_azure_sql_dw_strategicdev","denodo_vdp","dbo/t_ff_xle_snapshot_policy/party_underwriter_id_assistant","policy_asset/bv_sz_dw_xle_t_ff_xle_snapshot_policy/party_underwriter_id_assistant"
"","ds_azure_sql_dw_strategicdev","denodo_vdp","dbo/t_ff_xle_snapshot_policy/src_sys_id","policy_asset/bv_sz_dw_xle_t_ff_xle_snapshot_policy/src_sys_id"
